Feature_Set,Feature_Count,Fold,Model,Test_State_Count,Test_Size,MAE,RMSE,R2,Mean_Error
Full,8,1,Ridge,8,40,0.4205544201612523,0.5535580364807696,-0.24665256710542782,-0.11641338058647503
Full,8,1,RandomForest,8,40,0.3518166574004701,0.44113398656539005,0.20830089734003665,-0.05065504056822754
Full,8,1,LightGBM,8,40,0.3692441326326118,0.45754409920938444,0.14830316598536952,-0.04519366399610346
Full,8,2,Ridge,8,40,0.41469267706178525,0.46757009586286213,-0.23301972039979502,0.24226126773147555
Full,8,2,RandomForest,8,40,0.3302863605954228,0.40552293643775794,0.07251389136802011,0.22036728561022306
Full,8,2,LightGBM,8,40,0.3369869609267817,0.4158306078292109,0.0247645629160268,0.19712652084343074
Full,8,3,Ridge,7,35,0.4080704815624607,0.5117013168832946,-0.5042952068370343,-0.00029059497798309406
Full,8,3,RandomForest,7,35,0.3097459192077762,0.44253429054773713,-0.12510708424225947,-0.07451322535665383
Full,8,3,LightGBM,7,35,0.34493747887065856,0.45969329019153715,-0.21404932504184782,-0.07750799815868203
Full,8,4,Ridge,7,35,0.4064268585818569,0.48338688275114894,-0.6901938101526324,-0.25006124008658004
Full,8,4,RandomForest,7,35,0.36921278567728544,0.43084327471573214,-0.3427198858795868,-0.24702752769188505
Full,8,4,LightGBM,7,35,0.40896994570711476,0.471181267940302,-0.6059159723961431,-0.29268757766783743
Full,8,5,Ridge,7,35,0.33195447240709586,0.4131658847053004,0.08465441646487248,0.15864287501179644
Full,8,5,RandomForest,7,35,0.40963125695204256,0.46677391111435856,-0.16828642548155748,0.22784757463436017
Full,8,5,LightGBM,7,35,0.387724892420021,0.45083670247566376,-0.08987003136043015,0.19481256083708698
Rainfall_Only,3,1,Ridge,8,40,0.43289905724491246,0.5523690547387573,-0.24130297341704976,-0.1637418908781219
Rainfall_Only,3,1,RandomForest,8,40,0.36839531221787436,0.4997443377397071,-0.016049530637752163,-0.13236621040302224
Rainfall_Only,3,1,LightGBM,8,40,0.34192556041804484,0.4806331137185697,0.0601760835892573,-0.11856962078707803
Rainfall_Only,3,2,Ridge,8,40,0.41969639871454073,0.46990704247371656,-0.24537595211890872,0.2484889673875116
Rainfall_Only,3,2,RandomForest,8,40,0.4408029173257296,0.4998425312471236,-0.4091037869194034,0.3119049405756277
Rainfall_Only,3,2,LightGBM,8,40,0.42452930524947535,0.49418424275433004,-0.37738184712683487,0.29228595998276613
Rainfall_Only,3,3,Ridge,7,35,0.35380964322044406,0.43516771750966976,-0.08796103812964429,-0.006975978198471695
Rainfall_Only,3,3,RandomForest,7,35,0.38637309279080684,0.4774203314250826,-0.30948890252079364,0.05548198178541026
Rainfall_Only,3,3,LightGBM,7,35,0.4269700608432147,0.5346742551468331,-0.6423985335520648,0.06415786921698854
Rainfall_Only,3,4,Ridge,7,35,0.32211836144087425,0.4223809103434572,-0.29049209421490807,-0.20217868954588095
Rainfall_Only,3,4,RandomForest,7,35,0.38431956314320576,0.4520350516357871,-0.4780564085991912,-0.22952738993017552
Rainfall_Only,3,4,LightGBM,7,35,0.38444569477387036,0.4605519917000047,-0.5342781993029919,-0.25647619020256834
Rainfall_Only,3,5,Ridge,7,35,0.3535830010455427,0.4295332829747532,0.010695864958464196,0.13892620219826846
Rainfall_Only,3,5,RandomForest,7,35,0.34674354889026326,0.39135291444673187,0.17875388822860194,0.10042556206756215
Rainfall_Only,3,5,LightGBM,7,35,0.34477336125965935,0.4118397647289495,0.09052087386423502,0.10101401596054449
Temperature_Only,3,1,Ridge,8,40,0.4594101512293632,0.5973906262702937,-0.4518973842469176,-0.13362001812542434
Temperature_Only,3,1,RandomForest,8,40,0.343153873374311,0.4405410006492908,0.2104279194980726,-0.012707730133292483
Temperature_Only,3,1,LightGBM,8,40,0.37373149775392484,0.45837790457604505,0.14519615854073753,-0.027076248495888917
Temperature_Only,3,2,Ridge,8,40,0.4107066740459818,0.46472159604738567,-0.21804203937164846,0.23539598300367343
Temperature_Only,3,2,RandomForest,8,40,0.33220849959531246,0.4083531431829946,0.059522579340624215,0.20709980934112232
Temperature_Only,3,2,LightGBM,8,40,0.3525082176788164,0.4365248704525421,-0.0747180722796108,0.2098502263487619
Temperature_Only,3,3,Ridge,7,35,0.41366459339754413,0.5216727795441471,-0.5634944890055171,-0.005970831643975576
Temperature_Only,3,3,RandomForest,7,35,0.33489219474176635,0.4718540845646042,-0.27913222466686793,-0.18001564639064646
Temperature_Only,3,3,LightGBM,7,35,0.34626211424627784,0.4809056602568443,-0.3286781095569089,-0.19493117086226813
Temperature_Only,3,4,Ridge,7,35,0.29400738162929024,0.36968550181598514,0.01142044976340606,-0.17920240389026304
Temperature_Only,3,4,RandomForest,7,35,0.35962972323972303,0.42237404644470494,-0.29045015228577986,-0.22712837630094768
Temperature_Only,3,4,LightGBM,7,35,0.3676918947733524,0.4255510779129997,-0.3099362916755559,-0.2202174341576371
Temperature_Only,3,5,Ridge,7,35,0.39067970985050143,0.4596335122340633,-0.13281646691097726,0.13757091936326638
Temperature_Only,3,5,RandomForest,7,35,0.4340241522736528,0.5024813833267172,-0.35386740832824515,0.2708402060558492
Temperature_Only,3,5,LightGBM,7,35,0.42021097596328794,0.48699697404106473,-0.2717118175266029,0.2738624474402245
Atmospheric_Only,2,1,Ridge,8,40,0.452190843298514,0.5740793020843227,-0.3407965796570347,-0.1827801577155253
Atmospheric_Only,2,1,RandomForest,8,40,0.40837764283633016,0.5203001946298402,-0.10135440213059765,-0.1535504214419837
Atmospheric_Only,2,1,LightGBM,8,40,0.4296220827582273,0.533931254192313,-0.15981788690373389,-0.1556197225385842
Atmospheric_Only,2,2,Ridge,8,40,0.4328045633310925,0.4850940639902835,-0.32717590447367395,0.2535870066928134
Atmospheric_Only,2,2,RandomForest,8,40,0.36407892666130176,0.4317398336951715,-0.051285822245915824,0.230393802646428
Atmospheric_Only,2,2,LightGBM,8,40,0.3616705612558933,0.42303576206966653,-0.009324309328863745,0.2173289559415786
Atmospheric_Only,2,3,Ridge,7,35,0.3409177608806991,0.42457372435952956,-0.0356338314881961,-0.040420277096604604
Atmospheric_Only,2,3,RandomForest,7,35,0.38111067077367033,0.48056167908253106,-0.3267780412533834,-0.015442673146959393
Atmospheric_Only,2,3,LightGBM,7,35,0.40228465987979306,0.5044645011718148,-0.4620466286843732,0.0032849929037731063
Atmospheric_Only,2,4,Ridge,7,35,0.3270680294965264,0.4147575363903104,-0.24432938419764327,-0.179395991200847
Atmospheric_Only,2,4,RandomForest,7,35,0.39910888552981455,0.4824723864889203,-0.6838046676989462,-0.17850984163719913
Atmospheric_Only,2,4,LightGBM,7,35,0.39324253606050963,0.4705289844665986,-0.6014727253736107,-0.18867314807084012
Atmospheric_Only,2,5,Ridge,7,35,0.3996938676430441,0.480894006303738,-0.24003776019875778,0.15495485597766617
Atmospheric_Only,2,5,RandomForest,7,35,0.4264327349238064,0.4917828649567103,-0.2968297559981796,0.09211370877535154
Atmospheric_Only,2,5,LightGBM,7,35,0.39964741318776525,0.4639789119209141,-0.15433713138829952,0.10662501874287338
No_Rainfall_Anomaly,7,1,Ridge,8,40,0.4253398740971873,0.5549529928672426,-0.25294356823867803,-0.11835239475962109
No_Rainfall_Anomaly,7,1,RandomForest,8,40,0.36278733686683695,0.45034175511609015,0.17490577495304271,-0.05218690041440022
No_Rainfall_Anomaly,7,1,LightGBM,8,40,0.388703132311169,0.4833587820337033,0.04948638391776172,-0.048310325988935726
No_Rainfall_Anomaly,7,2,Ridge,8,40,0.41521711863567584,0.4693740299113944,-0.24255231044218784,0.2304455146487987
No_Rainfall_Anomaly,7,2,RandomForest,8,40,0.33020828225940696,0.41236682100155964,0.040943932732494526,0.22240867380304885
No_Rainfall_Anomaly,7,2,LightGBM,8,40,0.3630354592523643,0.4520864656280423,-0.15270872053994244,0.2021440387527381
No_Rainfall_Anomaly,7,3,Ridge,7,35,0.3798839161604563,0.4844064307589441,-0.3480928410814874,-0.01182499325569205
No_Rainfall_Anomaly,7,3,RandomForest,7,35,0.3079218833547404,0.4406012671629759,-0.11529944502675349,-0.1013137588020443
No_Rainfall_Anomaly,7,3,LightGBM,7,35,0.3391626411747679,0.46831275804139527,-0.26000416555741634,-0.11212831614247946
No_Rainfall_Anomaly,7,4,Ridge,7,35,0.3873440433617425,0.44450290780089685,-0.4292098387510337,-0.20904192527817145
No_Rainfall_Anomaly,7,4,RandomForest,7,35,0.3637573839018122,0.4293331489212236,-0.33332378987976297,-0.24384551959680537
No_Rainfall_Anomaly,7,4,LightGBM,7,35,0.39369010933828014,0.4606652407884473,-0.5350328457869942,-0.26046214974445125
No_Rainfall_Anomaly,7,5,Ridge,7,35,0.32853646085555993,0.40852965648255785,0.1050817612052809,0.15825322132183708
No_Rainfall_Anomaly,7,5,RandomForest,7,35,0.4082030618693475,0.4700068867678657,-0.1845260728884257,0.23109189761561208
No_Rainfall_Anomaly,7,5,LightGBM,7,35,0.3767980647418307,0.4408054467422592,-0.04190971116411024,0.19246267063035694
No_RH,7,1,Ridge,8,40,0.4480854423069123,0.580898108058746,-0.3728372016564543,-0.11548770645816882
No_RH,7,1,RandomForest,8,40,0.34954596327052556,0.43859674323042247,0.21738184135456717,-0.05453599571493302
No_RH,7,1,LightGBM,8,40,0.3778527537624853,0.4596005471831266,0.1406299985083188,-0.042514593790193005
No_RH,7,2,Ridge,8,40,0.3992639797615163,0.4532420118899785,-0.15860896609294306,0.22807574760587873
No_RH,7,2,RandomForest,8,40,0.324560737207237,0.40066039369365075,0.09462313133931621,0.21242341113978586
No_RH,7,2,LightGBM,8,40,0.33962425687606007,0.4157814492822909,0.02499512950897198,0.20024130461844436
No_RH,7,3,Ridge,7,35,0.4482526574481916,0.5546162183783182,-0.767197681162187,0.013685367720361054
No_RH,7,3,RandomForest,7,35,0.31642211668490233,0.44482330857781377,-0.13677646710167868,-0.06973297641776191
No_RH,7,3,LightGBM,7,35,0.3361992524153269,0.4562887298557435,-0.1961330390428626,-0.08041459640568788
No_RH,7,4,Ridge,7,35,0.4244616204077644,0.5058816317125918,-0.8511627643177757,-0.25752167920648633
No_RH,7,4,RandomForest,7,35,0.35873260294731685,0.42461395455132167,-0.30417331598666375,-0.2393170453091879
No_RH,7,4,LightGBM,7,35,0.4022166874647074,0.46433059348382705,-0.5595574683391111,-0.28913897062264504
No_RH,7,5,Ridge,7,35,0.3701154014231559,0.45099780864594163,-0.09064909907358287,0.17253078127317117
No_RH,7,5,RandomForest,7,35,0.41139289258360673,0.46948668671335875,-0.1819054749886071,0.2296727190005759
No_RH,7,5,LightGBM,7,35,0.3974571873928176,0.45580470953197355,-0.1140220779473049,0.20416726697102702
No_GDD,7,1,Ridge,8,40,0.43796137160882864,0.5745506911006639,-0.3429993982156718,-0.13315596375670896
No_GDD,7,1,RandomForest,8,40,0.3782864776797275,0.48525565132169884,0.04201144829859027,-0.09218978788803747
No_GDD,7,1,LightGBM,8,40,0.3827571971157438,0.4809342199873061,0.05899815594655855,-0.06036817219825229
No_GDD,7,2,Ridge,8,40,0.4416185906069462,0.4892250483088043,-0.34987619083816646,0.2513941495657336
No_GDD,7,2,RandomForest,8,40,0.398322092241092,0.4764980707078663,-0.28055684177816187,0.2726439156167901
No_GDD,7,2,LightGBM,8,40,0.4017151712087138,0.47829926638439557,-0.29025632648557287,0.24052393132110375
No_GDD,7,3,Ridge,7,35,0.3804556080176003,0.47350136733064685,-0.2880789332269835,0.005340557707672357
No_GDD,7,3,RandomForest,7,35,0.3808719999074999,0.5017826129282731,-0.4465425727426473,-0.017773859788359322
No_GDD,7,3,LightGBM,7,35,0.38314135620336887,0.5066456062911723,-0.47471658306913467,-0.027578949317225987
No_GDD,7,4,Ridge,7,35,0.40557201016094685,0.5145398501289358,-0.9150707184290965,-0.25923814113433924
No_GDD,7,4,RandomForest,7,35,0.3530146624750906,0.4262939485809756,-0.31451370982636373,-0.22508499476185187
No_GDD,7,4,LightGBM,7,35,0.40484331403379664,0.46593648581179176,-0.5703636150649685,-0.2789622337816922
No_GDD,7,5,Ridge,7,35,0.365166576570562,0.44063539564614457,-0.04110598373982022,0.1647826133509932
No_GDD,7,5,RandomForest,7,35,0.38202261413454286,0.42790367933486606,0.018188254840624807,0.14712603289567586
No_GDD,7,5,LightGBM,7,35,0.35657857198097154,0.4155397342807109,0.0741059418875667,0.12223919829855866
No_Temperature_Pair,6,1,Ridge,8,40,0.41888284155104294,0.5519379235928686,-0.2393660237729689,-0.135078934092795
No_Temperature_Pair,6,1,RandomForest,8,40,0.39200751330151334,0.4882752739953956,0.030051713624126175,-0.11853041311928794
No_Temperature_Pair,6,1,LightGBM,8,40,0.3969160219841599,0.4925465222792754,0.013008007353927376,-0.1344857341124896
No_Temperature_Pair,6,2,Ridge,8,40,0.3984797388642877,0.4549836376601146,-0.16753020506035043,0.24725393907453713
No_Temperature_Pair,6,2,RandomForest,8,40,0.3261226402856401,0.4006330248401664,0.09474681853642086,0.22040110181022676
No_Temperature_Pair,6,2,LightGBM,8,40,0.36267398435148646,0.4329061225549398,-0.056973317008745195,0.24859436362269643
No_Temperature_Pair,6,3,Ridge,7,35,0.3989296889286153,0.501459535580022,-0.44468043294638937,0.005195757972090766
No_Temperature_Pair,6,3,RandomForest,7,35,0.3548290130398702,0.4605391620439778,-0.21852132839552452,0.017070969961255837
No_Temperature_Pair,6,3,LightGBM,7,35,0.3505228606694067,0.4524220693314004,-0.17594650603206197,0.014110665998236018
No_Temperature_Pair,6,4,Ridge,7,35,0.38529674378062784,0.4598702318120461,-0.5297391455463647,-0.22842460643836396
No_Temperature_Pair,6,4,RandomForest,7,35,0.3530602540369682,0.4243674217361643,-0.3026593375732767,-0.24152138260152525
No_Temperature_Pair,6,4,LightGBM,7,35,0.3845256556082661,0.4545611457034518,-0.4946221240275417,-0.30474021773094684
No_Temperature_Pair,6,5,Ridge,7,35,0.36580088412513534,0.4427841419691952,-0.05128459030704846,0.13263874875292286
No_Temperature_Pair,6,5,RandomForest,7,35,0.4524830483986913,0.5050989299602942,-0.36800939041112257,0.1858784424966565
No_Temperature_Pair,6,5,LightGBM,7,35,0.42550017435471393,0.47760654416971976,-0.22314154985863532,0.17826533744684994
