Model,State,Year,Feature,Feature_Value,SHAP_Value,Absolute_SHAP
RandomForest,Abia,2024,Seasonal_Rainfall_mm,1356.55,0.004880630848974841,0.004880630848974841
RandomForest,Abia,2024,Seasonal_GDD_C,4627.7,-0.324760042803812,0.324760042803812
RandomForest,Abia,2024,Max_CDD_days,23.0,0.014715597408664112,0.014715597408664112
RandomForest,Abia,2024,Mean_Tmax_C,30.031090909090903,0.121182905115048,0.121182905115048
RandomForest,Abia,2024,Mean_Tmin_C,23.62490909090909,0.04893282439408159,0.04893282439408159
RandomForest,Abia,2024,Mean_RH_pct,87.19501818181817,-0.012707128915846036,0.012707128915846036
RandomForest,Abia,2024,Mean_Solar_Radiation_MJ_m2_day,15.994727272727271,0.027215047169784748,0.027215047169784748
RandomForest,Abia,2024,Rainfall_Anomaly_Z_2000_2019,-0.9196010910323762,-0.04260031405487661,0.04260031405487661
RandomForest,Adamawa,2024,Seasonal_Rainfall_mm,904.24,0.0034547110667213477,0.0034547110667213477
RandomForest,Adamawa,2024,Seasonal_GDD_C,3318.585,0.13635450798429774,0.13635450798429774
RandomForest,Adamawa,2024,Max_CDD_days,12.0,0.010096636107844042,0.010096636107844042
RandomForest,Adamawa,2024,Mean_Tmax_C,32.40342391304348,0.0706361005112951,0.0706361005112951
RandomForest,Adamawa,2024,Mean_Tmin_C,23.668152173913047,0.07499116791843073,0.07499116791843073
RandomForest,Adamawa,2024,Mean_RH_pct,72.47163043478261,0.013812892409444765,0.013812892409444765
RandomForest,Adamawa,2024,Mean_Solar_Radiation_MJ_m2_day,18.33570652173913,0.124553555463512,0.124553555463512
RandomForest,Adamawa,2024,Rainfall_Anomaly_Z_2000_2019,0.5051163098175504,-0.0002393695563427092,0.0002393695563427092
RandomForest,Akwa Ibom,2024,Seasonal_Rainfall_mm,1869.09,0.014882817200666774,0.014882817200666774
RandomForest,Akwa Ibom,2024,Seasonal_GDD_C,4694.005000000001,-0.3403448034827706,0.3403448034827706
RandomForest,Akwa Ibom,2024,Max_CDD_days,18.0,0.013591328319517247,0.013591328319517247
RandomForest,Akwa Ibom,2024,Mean_Tmax_C,29.75338181818182,0.12934769674184804,0.12934769674184804
RandomForest,Akwa Ibom,2024,Mean_Tmin_C,24.384836363636364,-0.007985893562892444,0.007985893562892444
RandomForest,Akwa Ibom,2024,Mean_RH_pct,87.72872727272728,-0.01270471462222987,0.01270471462222987
RandomForest,Akwa Ibom,2024,Mean_Solar_Radiation_MJ_m2_day,15.994727272727271,0.02433922397878577,0.02433922397878577
RandomForest,Akwa Ibom,2024,Rainfall_Anomaly_Z_2000_2019,-1.8894777114847496,-0.04009098981576046,0.04009098981576046
RandomForest,Anambra,2024,Seasonal_Rainfall_mm,1347.01,0.007602836664221781,0.007602836664221781
RandomForest,Anambra,2024,Seasonal_GDD_C,4641.875,-0.32824030682418964,0.32824030682418964
RandomForest,Anambra,2024,Max_CDD_days,21.0,0.013436452164554233,0.013436452164554233
RandomForest,Anambra,2024,Mean_Tmax_C,30.05850909090909,0.07946947692205268,0.07946947692205268
RandomForest,Anambra,2024,Mean_Tmin_C,23.700581818181817,0.028603809196460293,0.028603809196460293
RandomForest,Anambra,2024,Mean_RH_pct,86.4098909090909,-0.012034051493624938,0.012034051493624938
RandomForest,Anambra,2024,Mean_Solar_Radiation_MJ_m2_day,16.76098181818182,0.030481764385370622,0.030481764385370622
RandomForest,Anambra,2024,Rainfall_Anomaly_Z_2000_2019,-0.6683966152075341,-0.030027872867737275,0.030027872867737275
RandomForest,Bauchi,2024,Seasonal_Rainfall_mm,1085.11,0.00813796467993166,0.00813796467993166
RandomForest,Bauchi,2024,Seasonal_GDD_C,3200.24,0.09235381758643277,0.09235381758643277
RandomForest,Bauchi,2024,Max_CDD_days,16.0,0.044341186971280554,0.044341186971280554
RandomForest,Bauchi,2024,Mean_Tmax_C,31.968804347826087,0.04096936744784643,0.04096936744784643
RandomForest,Bauchi,2024,Mean_Tmin_C,22.816413043478263,0.04115771910101775,0.04115771910101775
RandomForest,Bauchi,2024,Mean_RH_pct,71.98304347826088,0.006728562741487193,0.006728562741487193
RandomForest,Bauchi,2024,Mean_Solar_Radiation_MJ_m2_day,19.371358695652173,0.01906676310089339,0.01906676310089339
RandomForest,Bauchi,2024,Rainfall_Anomaly_Z_2000_2019,2.0242342283357715,0.0073932446297364455,0.0073932446297364455
RandomForest,Bayelsa,2024,Seasonal_Rainfall_mm,1882.98,0.014390314052115414,0.014390314052115414
RandomForest,Bayelsa,2024,Seasonal_GDD_C,4720.065,-0.2995759882774382,0.2995759882774382
RandomForest,Bayelsa,2024,Max_CDD_days,21.0,0.013803673627884828,0.013803673627884828
RandomForest,Bayelsa,2024,Mean_Tmax_C,29.968800000000005,0.11715547152131713,0.11715547152131713
RandomForest,Bayelsa,2024,Mean_Tmin_C,24.358945454545456,-0.007210890698114453,0.007210890698114453
RandomForest,Bayelsa,2024,Mean_RH_pct,88.53152727272726,-0.011591622723803822,0.011591622723803822
RandomForest,Bayelsa,2024,Mean_Solar_Radiation_MJ_m2_day,14.644981818181815,0.06380297876043087,0.06380297876043087
RandomForest,Bayelsa,2024,Rainfall_Anomaly_Z_2000_2019,-0.5543351476094643,0.004704000500544679,0.004704000500544679
RandomForest,Benue,2024,Seasonal_Rainfall_mm,963.15,0.015198285765525028,0.015198285765525028
RandomForest,Benue,2024,Seasonal_GDD_C,3758.71,0.31988687651866987,0.31988687651866987
RandomForest,Benue,2024,Max_CDD_days,8.0,-0.005232464135760615,0.005232464135760615
RandomForest,Benue,2024,Mean_Tmax_C,31.120794392523365,0.08420626181369846,0.08420626181369846
RandomForest,Benue,2024,Mean_Tmin_C,24.007336448598124,0.09940744006246778,0.09940744006246778
RandomForest,Benue,2024,Mean_RH_pct,81.08780373831776,0.014061200231625834,0.014061200231625834
RandomForest,Benue,2024,Mean_Solar_Radiation_MJ_m2_day,17.053878504672895,0.13370797786469288,0.13370797786469288
RandomForest,Benue,2024,Rainfall_Anomaly_Z_2000_2019,-0.7241881075650654,-0.011349904557744765,0.011349904557744765
RandomForest,Borno,2024,Seasonal_Rainfall_mm,583.16,-0.00954404198602127,0.00954404198602127
RandomForest,Borno,2024,Seasonal_GDD_C,3727.105,0.2935371595231592,0.2935371595231592
RandomForest,Borno,2024,Max_CDD_days,29.0,0.03268429846641595,0.03268429846641595
RandomForest,Borno,2024,Mean_Tmax_C,35.42760869565217,0.05417553161009474,0.05417553161009474
RandomForest,Borno,2024,Mean_Tmin_C,25.08440217391305,0.06205859108866762,0.06205859108866762
RandomForest,Borno,2024,Mean_RH_pct,58.93391304347826,-0.013969787165209066,0.013969787165209066
RandomForest,Borno,2024,Mean_Solar_Radiation_MJ_m2_day,19.25429347826087,0.15430640226624526,0.15430640226624526
RandomForest,Borno,2024,Rainfall_Anomaly_Z_2000_2019,0.4205674837447025,-0.001596069706268532,0.001596069706268532
RandomForest,Cross River,2024,Seasonal_Rainfall_mm,1869.09,0.012871940911184057,0.012871940911184057
RandomForest,Cross River,2024,Seasonal_GDD_C,4694.005000000001,-0.3239140073988423,0.3239140073988423
RandomForest,Cross River,2024,Max_CDD_days,18.0,0.013406133892494178,0.013406133892494178
RandomForest,Cross River,2024,Mean_Tmax_C,29.75338181818182,0.10343064422022928,0.10343064422022928
RandomForest,Cross River,2024,Mean_Tmin_C,24.384836363636364,-0.003882223609057611,0.003882223609057611
RandomForest,Cross River,2024,Mean_RH_pct,87.72872727272728,-0.012531728022477453,0.012531728022477453
RandomForest,Cross River,2024,Mean_Solar_Radiation_MJ_m2_day,14.285345454545457,0.06344246521656019,0.06344246521656019
RandomForest,Cross River,2024,Rainfall_Anomaly_Z_2000_2019,-1.8894777114847496,-0.037945981087845866,0.037945981087845866
RandomForest,Delta,2024,Seasonal_Rainfall_mm,1347.01,0.007123772977974398,0.007123772977974398
RandomForest,Delta,2024,Seasonal_GDD_C,4641.875,-0.31362063786998523,0.31362063786998523
RandomForest,Delta,2024,Max_CDD_days,21.0,0.013681990345184879,0.013681990345184879
RandomForest,Delta,2024,Mean_Tmax_C,30.05850909090909,0.09457621372791479,0.09457621372791479
RandomForest,Delta,2024,Mean_Tmin_C,23.700581818181817,0.0278666845283089,0.0278666845283089
RandomForest,Delta,2024,Mean_RH_pct,86.4098909090909,-0.010466326964751844,0.010466326964751844
RandomForest,Delta,2024,Mean_Solar_Radiation_MJ_m2_day,16.385490909090908,0.059545483519770216,0.059545483519770216
RandomForest,Delta,2024,Rainfall_Anomaly_Z_2000_2019,-0.6683966152075341,-0.02943651391625028,0.02943651391625028
RandomForest,Ebonyi,2024,Seasonal_Rainfall_mm,903.47,0.009023797189069349,0.009023797189069349
RandomForest,Ebonyi,2024,Seasonal_GDD_C,4949.355,-0.4012416345276333,0.4012416345276333
RandomForest,Ebonyi,2024,Max_CDD_days,32.0,0.012927215857182987,0.012927215857182987
RandomForest,Ebonyi,2024,Mean_Tmax_C,31.96454545454545,0.09652144755059393,0.09652144755059393
RandomForest,Ebonyi,2024,Mean_Tmin_C,24.03076363636364,-0.007099265477165425,0.007099265477165425
RandomForest,Ebonyi,2024,Mean_RH_pct,78.39523636363637,-0.0026657862944729767,0.0026657862944729767
RandomForest,Ebonyi,2024,Mean_Solar_Radiation_MJ_m2_day,17.160509090909088,0.03016835525995049,0.03016835525995049
RandomForest,Ebonyi,2024,Rainfall_Anomaly_Z_2000_2019,-1.546026003363861,-0.030595724559120553,0.030595724559120553
RandomForest,Edo,2024,Seasonal_Rainfall_mm,1355.78,0.003369348856405418,0.003369348856405418
RandomForest,Edo,2024,Seasonal_GDD_C,4583.435,-0.2534978492071107,0.2534978492071107
RandomForest,Edo,2024,Max_CDD_days,12.0,-0.005417147957796835,0.005417147957796835
RandomForest,Edo,2024,Mean_Tmax_C,29.72083636363637,0.145084424687477,0.145084424687477
RandomForest,Edo,2024,Mean_Tmin_C,23.613236363636364,0.05687285007673312,0.05687285007673312
RandomForest,Edo,2024,Mean_RH_pct,89.4073090909091,0.018174099557612886,0.018174099557612886
RandomForest,Edo,2024,Mean_Solar_Radiation_MJ_m2_day,15.766727272727271,0.03250831824668486,0.03250831824668486
RandomForest,Edo,2024,Rainfall_Anomaly_Z_2000_2019,-0.6234406615451246,-0.01558991350587556,0.01558991350587556
RandomForest,Ekiti,2024,Seasonal_Rainfall_mm,1356.8000000000002,0.012116592771494553,0.012116592771494553
RandomForest,Ekiti,2024,Seasonal_GDD_C,4302.264999999999,0.08179057244374432,0.08179057244374432
RandomForest,Ekiti,2024,Max_CDD_days,20.0,0.06075322000724533,0.06075322000724533
RandomForest,Ekiti,2024,Mean_Tmax_C,29.06705454545454,-0.05017360702682223,0.05017360702682223
RandomForest,Ekiti,2024,Mean_Tmin_C,22.22214545454545,-0.05283770904926975,0.05283770904926975
RandomForest,Ekiti,2024,Mean_RH_pct,86.85934545454545,-0.017243187337721604,0.017243187337721604
RandomForest,Ekiti,2024,Mean_Solar_Radiation_MJ_m2_day,16.821854545454546,0.07749900989761052,0.07749900989761052
RandomForest,Ekiti,2024,Rainfall_Anomaly_Z_2000_2019,-0.4765436240340352,-0.014328398777288216,0.014328398777288216
RandomForest,Enugu,2024,Seasonal_Rainfall_mm,975.9,0.0023399330646565204,0.0023399330646565204
RandomForest,Enugu,2024,Seasonal_GDD_C,4722.129999999999,-0.35717472928191024,0.35717472928191024
RandomForest,Enugu,2024,Max_CDD_days,29.0,0.012299043417043753,0.012299043417043753
RandomForest,Enugu,2024,Mean_Tmax_C,30.869672727272725,0.09297399039615067,0.09297399039615067
RandomForest,Enugu,2024,Mean_Tmin_C,23.47309090909091,0.062022010709282996,0.062022010709282996
RandomForest,Enugu,2024,Mean_RH_pct,81.54152727272727,-0.013093416557234264,0.013093416557234264
RandomForest,Enugu,2024,Mean_Solar_Radiation_MJ_m2_day,16.76098181818182,0.03626960711449768,0.03626960711449768
RandomForest,Enugu,2024,Rainfall_Anomaly_Z_2000_2019,-1.4811767773960565,-0.036157545001093375,0.036157545001093375
RandomForest,FCT,2024,Seasonal_Rainfall_mm,1154.31,0.012576210360922033,0.012576210360922033
RandomForest,FCT,2024,Seasonal_GDD_C,3569.07,0.19857511323018684,0.19857511323018684
RandomForest,FCT,2024,Max_CDD_days,11.0,-0.0015489750841604112,0.0015489750841604112
RandomForest,FCT,2024,Mean_Tmax_C,30.60518691588785,0.05206825466333847,0.05206825466333847
RandomForest,FCT,2024,Mean_Tmin_C,22.75060747663552,0.017733476039832028,0.017733476039832028
RandomForest,FCT,2024,Mean_RH_pct,80.45640186915888,0.028383617080188182,0.028383617080188182
RandomForest,FCT,2024,Mean_Solar_Radiation_MJ_m2_day,17.145467289719626,0.11021604433617722,0.11021604433617722
RandomForest,FCT,2024,Rainfall_Anomaly_Z_2000_2019,-0.0856823432362582,0.0030560712058275035,0.0030560712058275035
RandomForest,Gombe,2024,Seasonal_Rainfall_mm,1433.4500000000005,0.006194790605080017,0.006194790605080017
RandomForest,Gombe,2024,Seasonal_GDD_C,3255.21,0.150900622967146,0.150900622967146
RandomForest,Gombe,2024,Max_CDD_days,16.0,0.0521024523977929,0.0521024523977929
RandomForest,Gombe,2024,Mean_Tmax_C,31.93304347826087,0.056878496810032445,0.056878496810032445
RandomForest,Gombe,2024,Mean_Tmin_C,23.44967391304348,0.08226197326045247,0.08226197326045247
RandomForest,Gombe,2024,Mean_RH_pct,73.95494565217392,0.01398600994905864,0.01398600994905864
RandomForest,Gombe,2024,Mean_Solar_Radiation_MJ_m2_day,19.025163043478265,0.12861828666519126,0.12861828666519126
RandomForest,Gombe,2024,Rainfall_Anomaly_Z_2000_2019,2.8998050239842987,0.013258323866203165,0.013258323866203165
RandomForest,Imo,2024,Seasonal_Rainfall_mm,1603.58,0.012070126209384314,0.012070126209384314
RandomForest,Imo,2024,Seasonal_GDD_C,4689.094999999999,-0.3187942603628565,0.3187942603628565
RandomForest,Imo,2024,Max_CDD_days,21.0,0.0135797317874132,0.0135797317874132
RandomForest,Imo,2024,Mean_Tmax_C,30.22494545454545,0.13500309684537148,0.13500309684537148
RandomForest,Imo,2024,Mean_Tmin_C,23.87756363636364,-0.01562941442374708,0.01562941442374708
RandomForest,Imo,2024,Mean_RH_pct,87.54370909090908,-0.008908669734076658,0.008908669734076658
RandomForest,Imo,2024,Mean_Solar_Radiation_MJ_m2_day,15.994727272727271,0.02688080775787993,0.02688080775787993
RandomForest,Imo,2024,Rainfall_Anomaly_Z_2000_2019,-0.383602963468342,0.006205741312790125,0.006205741312790125
RandomForest,Jigawa,2024,Seasonal_Rainfall_mm,1018.26,0.012293015983233267,0.012293015983233267
RandomForest,Jigawa,2024,Seasonal_GDD_C,3497.245,0.07792375789038795,0.07792375789038795
RandomForest,Jigawa,2024,Max_CDD_days,16.0,0.02056057139494281,0.02056057139494281
RandomForest,Jigawa,2024,Mean_Tmax_C,34.34570652173913,0.030196689279500723,0.030196689279500723
RandomForest,Jigawa,2024,Mean_Tmin_C,23.66782608695652,0.05634674863068231,0.05634674863068231
RandomForest,Jigawa,2024,Mean_RH_pct,65.43054347826087,-0.024210568282330244,0.024210568282330244
RandomForest,Jigawa,2024,Mean_Solar_Radiation_MJ_m2_day,19.946739130434786,-0.29649595032140197,0.29649595032140197
RandomForest,Jigawa,2024,Rainfall_Anomaly_Z_2000_2019,2.6316584935954377,0.019057088956339584,0.019057088956339584
RandomForest,Kaduna,2024,Seasonal_Rainfall_mm,1456.84,-0.002995499902732294,0.002995499902732294
RandomForest,Kaduna,2024,Seasonal_GDD_C,2800.6800000000003,0.14893569237807797,0.14893569237807797
RandomForest,Kaduna,2024,Max_CDD_days,9.0,-0.011842465448418512,0.011842465448418512
RandomForest,Kaduna,2024,Mean_Tmax_C,29.12326086956521,-0.03967849429889438,0.03967849429889438
RandomForest,Kaduna,2024,Mean_Tmin_C,21.31891304347826,-0.010135623446162603,0.010135623446162603
RandomForest,Kaduna,2024,Mean_RH_pct,82.87179347826087,0.004665390804912125,0.004665390804912125
RandomForest,Kaduna,2024,Mean_Solar_Radiation_MJ_m2_day,17.654891304347824,0.11708479849297168,0.11708479849297168
RandomForest,Kaduna,2024,Rainfall_Anomaly_Z_2000_2019,0.6432506088992294,-0.006011473242429156,0.006011473242429156
RandomForest,Kano,2024,Seasonal_Rainfall_mm,1001.38,0.01053050312695689,0.01053050312695689
RandomForest,Kano,2024,Seasonal_GDD_C,3483.455,0.07032200942556742,0.07032200942556742
RandomForest,Kano,2024,Max_CDD_days,16.0,0.01890340560633672,0.01890340560633672
RandomForest,Kano,2024,Mean_Tmax_C,34.5625,0.026833380083904228,0.026833380083904228
RandomForest,Kano,2024,Mean_Tmin_C,23.301141304347823,0.06379102835981304,0.06379102835981304
RandomForest,Kano,2024,Mean_RH_pct,65.6521195652174,-0.02353654095145133,0.02353654095145133
RandomForest,Kano,2024,Mean_Solar_Radiation_MJ_m2_day,20.282445652173912,-0.31329780920652345,0.31329780920652345
RandomForest,Kano,2024,Rainfall_Anomaly_Z_2000_2019,2.4299972049098817,0.017589555778428537,0.017589555778428537
RandomForest,Katsina,2024,Seasonal_Rainfall_mm,1290.86,0.01616742522433775,0.01616742522433775
RandomForest,Katsina,2024,Seasonal_GDD_C,3208.635,0.04424913380193646,0.04424913380193646
RandomForest,Katsina,2024,Max_CDD_days,17.0,0.01808024207760024,0.01808024207760024
RandomForest,Katsina,2024,Mean_Tmax_C,31.866684782608697,0.027916815614124197,0.027916815614124197
RandomForest,Katsina,2024,Mean_Tmin_C,23.009782608695648,0.05760881687019032,0.05760881687019032
RandomForest,Katsina,2024,Mean_RH_pct,71.46581521739131,0.012690729241174623,0.012690729241174623
RandomForest,Katsina,2024,Mean_Solar_Radiation_MJ_m2_day,19.78010869565217,-0.28537180952032426,0.28537180952032426
RandomForest,Katsina,2024,Rainfall_Anomaly_Z_2000_2019,5.707961992605359,0.019239833167147034,0.019239833167147034
RandomForest,Kebbi,2024,Seasonal_Rainfall_mm,2129.96,0.01181312010902511,0.01181312010902511
RandomForest,Kebbi,2024,Seasonal_GDD_C,3373.3050000000003,0.08972085047300377,0.08972085047300377
RandomForest,Kebbi,2024,Max_CDD_days,14.0,-0.005247153462968078,0.005247153462968078
RandomForest,Kebbi,2024,Mean_Tmax_C,32.69858695652174,0.04700046638881735,0.04700046638881735
RandomForest,Kebbi,2024,Mean_Tmin_C,23.96777173913044,0.049954410704250315,0.049954410704250315
RandomForest,Kebbi,2024,Mean_RH_pct,77.36255434782608,0.013802585074092218,0.013802585074092218
RandomForest,Kebbi,2024,Mean_Solar_Radiation_MJ_m2_day,19.6483695652174,-0.25142916553381034,0.25142916553381034
RandomForest,Kebbi,2024,Rainfall_Anomaly_Z_2000_2019,13.219542711920042,0.02007444324214801,0.02007444324214801
RandomForest,Kogi,2024,Seasonal_Rainfall_mm,876.2099999999998,0.009659007557790523,0.009659007557790523
RandomForest,Kogi,2024,Seasonal_GDD_C,3787.005,0.32023967919549357,0.32023967919549357
RandomForest,Kogi,2024,Max_CDD_days,7.0,-0.02246204362903174,0.02246204362903174
RandomForest,Kogi,2024,Mean_Tmax_C,31.41172897196261,0.09157757081996296,0.09157757081996296
RandomForest,Kogi,2024,Mean_Tmin_C,23.98084112149533,0.10220043073015284,0.10220043073015284
RandomForest,Kogi,2024,Mean_RH_pct,80.40649532710282,0.035854712074707126,0.035854712074707126
RandomForest,Kogi,2024,Mean_Solar_Radiation_MJ_m2_day,16.695794392523368,0.1379383998501134,0.1379383998501134
RandomForest,Kogi,2024,Rainfall_Anomaly_Z_2000_2019,-0.7200297516520892,-0.010768891597823318,0.010768891597823318
RandomForest,Kwara,2024,Seasonal_Rainfall_mm,1215.39,0.010890128000273207,0.010890128000273207
RandomForest,Kwara,2024,Seasonal_GDD_C,3515.295,0.15369607511302621,0.15369607511302621
RandomForest,Kwara,2024,Max_CDD_days,13.0,0.007126893852132924,0.007126893852132924
RandomForest,Kwara,2024,Mean_Tmax_C,30.14434579439252,0.00541884921942781,0.00541884921942781
RandomForest,Kwara,2024,Mean_Tmin_C,22.7088785046729,-0.004544450900440882,0.004544450900440882
RandomForest,Kwara,2024,Mean_RH_pct,83.5259813084112,-0.005088192611569573,0.005088192611569573
RandomForest,Kwara,2024,Mean_Solar_Radiation_MJ_m2_day,16.815327102803735,0.08647454757731747,0.08647454757731747
RandomForest,Kwara,2024,Rainfall_Anomaly_Z_2000_2019,0.417083623382899,-0.007449449673266452,0.007449449673266452
RandomForest,Lagos,2024,Seasonal_Rainfall_mm,1316.66,0.022226186062612504,0.022226186062612504
RandomForest,Lagos,2024,Seasonal_GDD_C,4739.834999999999,-0.4118470349170595,0.4118470349170595
RandomForest,Lagos,2024,Max_CDD_days,16.0,0.017477646610293014,0.017477646610293014
RandomForest,Lagos,2024,Mean_Tmax_C,29.03090909090909,-0.08688119132892122,0.08688119132892122
RandomForest,Lagos,2024,Mean_Tmin_C,25.44061818181818,-0.022074300695614217,0.022074300695614217
RandomForest,Lagos,2024,Mean_RH_pct,86.61469090909091,-0.0021087289556251695,0.0021087289556251695
RandomForest,Lagos,2024,Mean_Solar_Radiation_MJ_m2_day,16.325090909090907,0.06222857770067954,0.06222857770067954
RandomForest,Lagos,2024,Rainfall_Anomaly_Z_2000_2019,-0.4318672772924319,-0.00435179080700398,0.00435179080700398
RandomForest,Nasarawa,2024,Seasonal_Rainfall_mm,1023.58,0.015152319153149163,0.015152319153149163
RandomForest,Nasarawa,2024,Seasonal_GDD_C,3821.105,0.32317786770809,0.32317786770809
RandomForest,Nasarawa,2024,Max_CDD_days,16.0,0.04171897866909145,0.04171897866909145
RandomForest,Nasarawa,2024,Mean_Tmax_C,31.623457943925235,0.09120707059880624,0.09120707059880624
RandomForest,Nasarawa,2024,Mean_Tmin_C,24.08780373831776,0.09191957191946785,0.09191957191946785
RandomForest,Nasarawa,2024,Mean_RH_pct,78.61088785046731,0.04318615610338521,0.04318615610338521
RandomForest,Nasarawa,2024,Mean_Solar_Radiation_MJ_m2_day,17.359859813084114,0.15960883697958125,0.15960883697958125
RandomForest,Nasarawa,2024,Rainfall_Anomaly_Z_2000_2019,0.0556549880803931,0.0022370044662349264,0.0022370044662349264
RandomForest,Niger,2024,Seasonal_Rainfall_mm,908.71,0.01334024612691867,0.01334024612691867
RandomForest,Niger,2024,Seasonal_GDD_C,3892.51,0.3222351146131971,0.3222351146131971
RandomForest,Niger,2024,Max_CDD_days,8.0,-0.0036284163148283936,0.0036284163148283936
RandomForest,Niger,2024,Mean_Tmax_C,32.02266355140187,0.09608881491301034,0.09608881491301034
RandomForest,Niger,2024,Mean_Tmin_C,24.355934579439253,0.09704537357264378,0.09704537357264378
RandomForest,Niger,2024,Mean_RH_pct,77.47570093457945,0.039885446876893445,0.039885446876893445
RandomForest,Niger,2024,Mean_Solar_Radiation_MJ_m2_day,17.4807476635514,0.13989632922154002,0.13989632922154002
RandomForest,Niger,2024,Rainfall_Anomaly_Z_2000_2019,-0.910216301881244,-0.0026534824399471676,0.0026534824399471676
RandomForest,Ogun,2024,Seasonal_Rainfall_mm,1605.6,0.00827816698536363,0.00827816698536363
RandomForest,Ogun,2024,Seasonal_GDD_C,4582.57,-0.2565336277474654,0.2565336277474654
RandomForest,Ogun,2024,Max_CDD_days,15.0,-0.002326879878815252,0.002326879878815252
RandomForest,Ogun,2024,Mean_Tmax_C,29.627236363636364,0.11614370139209088,0.11614370139209088
RandomForest,Ogun,2024,Mean_Tmin_C,23.70054545454545,0.03272702685705261,0.03272702685705261
RandomForest,Ogun,2024,Mean_RH_pct,89.01341818181818,-0.006736937809376473,0.006736937809376473
RandomForest,Ogun,2024,Mean_Solar_Radiation_MJ_m2_day,16.325090909090907,0.052928575498096535,0.052928575498096535
RandomForest,Ogun,2024,Rainfall_Anomaly_Z_2000_2019,0.0073989867254078,0.008022629710707996,0.008022629710707996
RandomForest,Ondo,2024,Seasonal_Rainfall_mm,1356.8000000000002,0.012116592771494553,0.012116592771494553
RandomForest,Ondo,2024,Seasonal_GDD_C,4302.264999999999,0.08179057244374432,0.08179057244374432
RandomForest,Ondo,2024,Max_CDD_days,20.0,0.06075322000724533,0.06075322000724533
RandomForest,Ondo,2024,Mean_Tmax_C,29.06705454545454,-0.05017360702682223,0.05017360702682223
RandomForest,Ondo,2024,Mean_Tmin_C,22.22214545454545,-0.05283770904926975,0.05283770904926975
RandomForest,Ondo,2024,Mean_RH_pct,86.85934545454545,-0.017243187337721604,0.017243187337721604
RandomForest,Ondo,2024,Mean_Solar_Radiation_MJ_m2_day,16.821854545454546,0.07749900989761052,0.07749900989761052
RandomForest,Ondo,2024,Rainfall_Anomaly_Z_2000_2019,-0.4765436240340352,-0.014328398777288216,0.014328398777288216
RandomForest,Osun,2024,Seasonal_Rainfall_mm,1679.4299999999998,0.00597997990654016,0.00597997990654016
RandomForest,Osun,2024,Seasonal_GDD_C,4410.16,-0.22094326843437978,0.22094326843437978
RandomForest,Osun,2024,Max_CDD_days,20.0,0.020666227433117707,0.020666227433117707
RandomForest,Osun,2024,Mean_Tmax_C,29.38592727272728,0.07165529064062477,0.07165529064062477
RandomForest,Osun,2024,Mean_Tmin_C,22.68796363636364,-0.010166540382921342,0.010166540382921342
RandomForest,Osun,2024,Mean_RH_pct,88.06992727272726,-0.026079256156931883,0.026079256156931883
RandomForest,Osun,2024,Mean_Solar_Radiation_MJ_m2_day,15.928509090909092,0.028353547026851993,0.028353547026851993
RandomForest,Osun,2024,Rainfall_Anomaly_Z_2000_2019,0.1707275218903802,-0.009745790337713021,0.009745790337713021
RandomForest,Oyo,2024,Seasonal_Rainfall_mm,1632.55,0.006795304019927216,0.006795304019927216
RandomForest,Oyo,2024,Seasonal_GDD_C,4472.030000000001,-0.2501879843649107,0.2501879843649107
RandomForest,Oyo,2024,Max_CDD_days,19.0,0.016041142437200843,0.016041142437200843
RandomForest,Oyo,2024,Mean_Tmax_C,29.67494545454545,0.10573987791712638,0.10573987791712638
RandomForest,Oyo,2024,Mean_Tmin_C,22.848909090909093,0.02734995223282485,0.02734995223282485
RandomForest,Oyo,2024,Mean_RH_pct,87.58556363636363,-0.015778302533906535,0.015778302533906535
RandomForest,Oyo,2024,Mean_Solar_Radiation_MJ_m2_day,15.93450909090909,0.033847332834003395,0.033847332834003395
RandomForest,Oyo,2024,Rainfall_Anomaly_Z_2000_2019,0.1658194519402747,-0.004756160023604262,0.004756160023604262
RandomForest,Plateau,2024,Seasonal_Rainfall_mm,1375.73,0.004891940518494562,0.004891940518494562
RandomForest,Plateau,2024,Seasonal_GDD_C,3065.7900000000004,0.11271584149617264,0.11271584149617264
RandomForest,Plateau,2024,Max_CDD_days,9.0,-0.009548550068518593,0.009548550068518593
RandomForest,Plateau,2024,Mean_Tmax_C,28.977289719626164,-0.03522878770550374,0.03522878770550374
RandomForest,Plateau,2024,Mean_Tmin_C,19.67495327102804,-0.02502990878559727,0.02502990878559727
RandomForest,Plateau,2024,Mean_RH_pct,77.79901869158877,0.019733169718289797,0.019733169718289797
RandomForest,Plateau,2024,Mean_Solar_Radiation_MJ_m2_day,16.974906542056075,0.09998664426572132,0.09998664426572132
RandomForest,Plateau,2024,Rainfall_Anomaly_Z_2000_2019,1.5272735899390373,0.00761842851971938,0.00761842851971938
RandomForest,Rivers,2024,Seasonal_Rainfall_mm,1770.85,0.0135562114605607,0.0135562114605607
RandomForest,Rivers,2024,Seasonal_GDD_C,4714.629999999999,-0.32748357626451163,0.32748357626451163
RandomForest,Rivers,2024,Max_CDD_days,21.0,0.013561495740167214,0.013561495740167214
RandomForest,Rivers,2024,Mean_Tmax_C,30.30472727272727,0.115442754185561,0.115442754185561
RandomForest,Rivers,2024,Mean_Tmin_C,23.983490909090907,-0.004044497028238845,0.004044497028238845
RandomForest,Rivers,2024,Mean_RH_pct,88.48505454545455,-0.011692676436850666,0.011692676436850666
RandomForest,Rivers,2024,Mean_Solar_Radiation_MJ_m2_day,14.248981818181818,0.06633370497744559,0.06633370497744559
RandomForest,Rivers,2024,Rainfall_Anomaly_Z_2000_2019,-0.7322444356504656,-0.043109320660037524,0.043109320660037524
RandomForest,Sokoto,2024,Seasonal_Rainfall_mm,1363.51,0.017917292729379728,0.017917292729379728
RandomForest,Sokoto,2024,Seasonal_GDD_C,3433.615,0.10972250144870607,0.10972250144870607
RandomForest,Sokoto,2024,Max_CDD_days,16.0,0.021354603806766362,0.021354603806766362
RandomForest,Sokoto,2024,Mean_Tmax_C,33.102663043478266,0.048121255100787005,0.048121255100787005
RandomForest,Sokoto,2024,Mean_Tmin_C,24.219239130434783,0.04472756785452695,0.04472756785452695
RandomForest,Sokoto,2024,Mean_RH_pct,72.92222826086956,0.0157371838095242,0.0157371838095242
RandomForest,Sokoto,2024,Mean_Solar_Radiation_MJ_m2_day,20.30445652173913,-0.28938119327111006,0.28938119327111006
RandomForest,Sokoto,2024,Rainfall_Anomaly_Z_2000_2019,4.944994593631734,0.017238405049036627,0.017238405049036627
RandomForest,Taraba,2024,Seasonal_Rainfall_mm,1095.85,0.007150270609750791,0.007150270609750791
RandomForest,Taraba,2024,Seasonal_GDD_C,3227.08,0.12461380054426961,0.12461380054426961
RandomForest,Taraba,2024,Max_CDD_days,12.0,0.007995025093427293,0.007995025093427293
RandomForest,Taraba,2024,Mean_Tmax_C,31.396032608695656,0.0658137719114274,0.0658137719114274
RandomForest,Taraba,2024,Mean_Tmin_C,23.68092391304348,0.09186351054632545,0.09186351054632545
RandomForest,Taraba,2024,Mean_RH_pct,77.71913043478261,0.019930216234819047,0.019930216234819047
RandomForest,Taraba,2024,Mean_Solar_Radiation_MJ_m2_day,16.88103260869565,0.11498861009159991,0.11498861009159991
RandomForest,Taraba,2024,Rainfall_Anomaly_Z_2000_2019,1.2225505917593709,0.012680857309443527,0.012680857309443527
RandomForest,Yobe,2024,Seasonal_Rainfall_mm,926.85,0.01022491785469942,0.01022491785469942
RandomForest,Yobe,2024,Seasonal_GDD_C,3455.5950000000003,0.09048518239013256,0.09048518239013256
RandomForest,Yobe,2024,Max_CDD_days,31.0,0.016000525943392376,0.016000525943392376
RandomForest,Yobe,2024,Mean_Tmax_C,33.55940217391304,0.04453472915168327,0.04453472915168327
RandomForest,Yobe,2024,Mean_Tmin_C,24.001413043478266,0.031260005960486704,0.031260005960486704
RandomForest,Yobe,2024,Mean_RH_pct,66.63913043478261,-0.023142661477505634,0.023142661477505634
RandomForest,Yobe,2024,Mean_Solar_Radiation_MJ_m2_day,20.06733695652174,-0.29536525369553984,0.29536525369553984
RandomForest,Yobe,2024,Rainfall_Anomaly_Z_2000_2019,2.0400254849642674,0.00804230511740276,0.00804230511740276
RandomForest,Zamfara,2024,Seasonal_Rainfall_mm,694.8700000000001,-0.004349837888045962,0.004349837888045962
RandomForest,Zamfara,2024,Seasonal_GDD_C,3260.635,0.09359989155652082,0.09359989155652082
RandomForest,Zamfara,2024,Max_CDD_days,17.0,0.021480014468807176,0.021480014468807176
RandomForest,Zamfara,2024,Mean_Tmax_C,32.69663043478261,0.0417720343359603,0.0417720343359603
RandomForest,Zamfara,2024,Mean_Tmin_C,22.745054347826088,0.006343183827223319,0.006343183827223319
RandomForest,Zamfara,2024,Mean_RH_pct,70.14929347826086,0.02534317681280039,0.02534317681280039
RandomForest,Zamfara,2024,Mean_Solar_Radiation_MJ_m2_day,19.637336956521736,-0.2569843447044104,0.2569843447044104
RandomForest,Zamfara,2024,Rainfall_Anomaly_Z_2000_2019,-0.1021922336829729,-0.004980114749851723,0.004980114749851723
LightGBM,Abia,2024,Seasonal_Rainfall_mm,1356.55,-0.005458876237066863,0.005458876237066863
LightGBM,Abia,2024,Seasonal_GDD_C,4627.7,-0.27042837696092625,0.27042837696092625
LightGBM,Abia,2024,Max_CDD_days,23.0,-0.004639685415127725,0.004639685415127725
LightGBM,Abia,2024,Mean_Tmax_C,30.031090909090903,0.12505240441592477,0.12505240441592477
LightGBM,Abia,2024,Mean_Tmin_C,23.62490909090909,0.08273604016820381,0.08273604016820381
LightGBM,Abia,2024,Mean_RH_pct,87.19501818181817,-0.006585221338760025,0.006585221338760025
LightGBM,Abia,2024,Mean_Solar_Radiation_MJ_m2_day,15.994727272727271,-0.013607782979656804,0.013607782979656804
LightGBM,Abia,2024,Rainfall_Anomaly_Z_2000_2019,-0.9196010910323762,-0.1059613644115902,0.1059613644115902
LightGBM,Adamawa,2024,Seasonal_Rainfall_mm,904.24,0.0429509956678296,0.0429509956678296
LightGBM,Adamawa,2024,Seasonal_GDD_C,3318.585,0.13642764984951947,0.13642764984951947
LightGBM,Adamawa,2024,Max_CDD_days,12.0,0.0263705259279146,0.0263705259279146
LightGBM,Adamawa,2024,Mean_Tmax_C,32.40342391304348,0.11260649224937314,0.11260649224937314
LightGBM,Adamawa,2024,Mean_Tmin_C,23.668152173913047,0.04527256324003221,0.04527256324003221
LightGBM,Adamawa,2024,Mean_RH_pct,72.47163043478261,0.05341175404550675,0.05341175404550675
LightGBM,Adamawa,2024,Mean_Solar_Radiation_MJ_m2_day,18.33570652173913,0.21565104311326067,0.21565104311326067
LightGBM,Adamawa,2024,Rainfall_Anomaly_Z_2000_2019,0.5051163098175504,-0.01436744113932182,0.01436744113932182
LightGBM,Akwa Ibom,2024,Seasonal_Rainfall_mm,1869.09,-0.0039457800314187325,0.0039457800314187325
LightGBM,Akwa Ibom,2024,Seasonal_GDD_C,4694.005000000001,-0.30441402053840005,0.30441402053840005
LightGBM,Akwa Ibom,2024,Max_CDD_days,18.0,-0.005915121542345519,0.005915121542345519
LightGBM,Akwa Ibom,2024,Mean_Tmax_C,29.75338181818182,0.13561827431709836,0.13561827431709836
LightGBM,Akwa Ibom,2024,Mean_Tmin_C,24.384836363636364,-0.03395031486487062,0.03395031486487062
LightGBM,Akwa Ibom,2024,Mean_RH_pct,87.72872727272728,-0.003429574330279685,0.003429574330279685
LightGBM,Akwa Ibom,2024,Mean_Solar_Radiation_MJ_m2_day,15.994727272727271,-0.011914433649538491,0.011914433649538491
LightGBM,Akwa Ibom,2024,Rainfall_Anomaly_Z_2000_2019,-1.8894777114847496,-0.10477905866059263,0.10477905866059263
LightGBM,Anambra,2024,Seasonal_Rainfall_mm,1347.01,-0.01148312526598877,0.01148312526598877
LightGBM,Anambra,2024,Seasonal_GDD_C,4641.875,-0.25740353197076143,0.25740353197076143
LightGBM,Anambra,2024,Max_CDD_days,21.0,-0.00800045829297409,0.00800045829297409
LightGBM,Anambra,2024,Mean_Tmax_C,30.05850909090909,0.12309387233483053,0.12309387233483053
LightGBM,Anambra,2024,Mean_Tmin_C,23.700581818181817,0.06499545399144789,0.06499545399144789
LightGBM,Anambra,2024,Mean_RH_pct,86.4098909090909,-0.00041817864985320153,0.00041817864985320153
LightGBM,Anambra,2024,Mean_Solar_Radiation_MJ_m2_day,16.76098181818182,0.03943575580159047,0.03943575580159047
LightGBM,Anambra,2024,Rainfall_Anomaly_Z_2000_2019,-0.6683966152075341,-0.07398819345380686,0.07398819345380686
LightGBM,Bauchi,2024,Seasonal_Rainfall_mm,1085.11,0.025536611076482613,0.025536611076482613
LightGBM,Bauchi,2024,Seasonal_GDD_C,3200.24,-0.05269102171700164,0.05269102171700164
LightGBM,Bauchi,2024,Max_CDD_days,16.0,0.09633278539150508,0.09633278539150508
LightGBM,Bauchi,2024,Mean_Tmax_C,31.968804347826087,0.04094339731560877,0.04094339731560877
LightGBM,Bauchi,2024,Mean_Tmin_C,22.816413043478263,0.02450257520574486,0.02450257520574486
LightGBM,Bauchi,2024,Mean_RH_pct,71.98304347826088,0.00013838511343103343,0.00013838511343103343
LightGBM,Bauchi,2024,Mean_Solar_Radiation_MJ_m2_day,19.371358695652173,0.07286609968637166,0.07286609968637166
LightGBM,Bauchi,2024,Rainfall_Anomaly_Z_2000_2019,2.0242342283357715,-0.0032691223650489687,0.0032691223650489687
LightGBM,Bayelsa,2024,Seasonal_Rainfall_mm,1882.98,-0.005836764724458244,0.005836764724458244
LightGBM,Bayelsa,2024,Seasonal_GDD_C,4720.065,-0.256528210767274,0.256528210767274
LightGBM,Bayelsa,2024,Max_CDD_days,21.0,-0.01720021298018321,0.01720021298018321
LightGBM,Bayelsa,2024,Mean_Tmax_C,29.968800000000005,0.14631753149662893,0.14631753149662893
LightGBM,Bayelsa,2024,Mean_Tmin_C,24.358945454545456,-0.036646763853661724,0.036646763853661724
LightGBM,Bayelsa,2024,Mean_RH_pct,88.53152727272726,0.0015517676220481154,0.0015517676220481154
LightGBM,Bayelsa,2024,Mean_Solar_Radiation_MJ_m2_day,14.644981818181815,0.030589389556412,0.030589389556412
LightGBM,Bayelsa,2024,Rainfall_Anomaly_Z_2000_2019,-0.5543351476094643,0.03120183949119806,0.03120183949119806
LightGBM,Benue,2024,Seasonal_Rainfall_mm,963.15,0.07163204606775728,0.07163204606775728
LightGBM,Benue,2024,Seasonal_GDD_C,3758.71,0.30487534518761356,0.30487534518761356
LightGBM,Benue,2024,Max_CDD_days,8.0,-0.009302354770069736,0.009302354770069736
LightGBM,Benue,2024,Mean_Tmax_C,31.120794392523365,0.12967921719096065,0.12967921719096065
LightGBM,Benue,2024,Mean_Tmin_C,24.007336448598124,0.04664449475045406,0.04664449475045406
LightGBM,Benue,2024,Mean_RH_pct,81.08780373831776,0.011241327724793384,0.011241327724793384
LightGBM,Benue,2024,Mean_Solar_Radiation_MJ_m2_day,17.053878504672895,0.06996939826541883,0.06996939826541883
LightGBM,Benue,2024,Rainfall_Anomaly_Z_2000_2019,-0.7241881075650654,-0.037669205045500115,0.037669205045500115
LightGBM,Borno,2024,Seasonal_Rainfall_mm,583.16,0.002595321399178611,0.002595321399178611
LightGBM,Borno,2024,Seasonal_GDD_C,3727.105,0.29617933505504046,0.29617933505504046
LightGBM,Borno,2024,Max_CDD_days,29.0,-0.023334116261943302,0.023334116261943302
LightGBM,Borno,2024,Mean_Tmax_C,35.42760869565217,0.0811076930098139,0.0811076930098139
LightGBM,Borno,2024,Mean_Tmin_C,25.08440217391305,0.005424559235773848,0.005424559235773848
LightGBM,Borno,2024,Mean_RH_pct,58.93391304347826,-0.07098814032845956,0.07098814032845956
LightGBM,Borno,2024,Mean_Solar_Radiation_MJ_m2_day,19.25429347826087,0.2001490426791708,0.2001490426791708
LightGBM,Borno,2024,Rainfall_Anomaly_Z_2000_2019,0.4205674837447025,-0.021878044304750103,0.021878044304750103
LightGBM,Cross River,2024,Seasonal_Rainfall_mm,1869.09,-0.001809763641750236,0.001809763641750236
LightGBM,Cross River,2024,Seasonal_GDD_C,4694.005000000001,-0.2974636694519862,0.2974636694519862
LightGBM,Cross River,2024,Max_CDD_days,18.0,-0.01472775653653158,0.01472775653653158
LightGBM,Cross River,2024,Mean_Tmax_C,29.75338181818182,0.12555275237776006,0.12555275237776006
LightGBM,Cross River,2024,Mean_Tmin_C,24.384836363636364,-0.03290129041048482,0.03290129041048482
LightGBM,Cross River,2024,Mean_RH_pct,87.72872727272728,-0.00024250644411039028,0.00024250644411039028
LightGBM,Cross River,2024,Mean_Solar_Radiation_MJ_m2_day,14.285345454545457,0.028005122516222704,0.028005122516222704
LightGBM,Cross River,2024,Rainfall_Anomaly_Z_2000_2019,-1.8894777114847496,-0.0980241772431255,0.0980241772431255
LightGBM,Delta,2024,Seasonal_Rainfall_mm,1347.01,-0.011152545840465506,0.011152545840465506
LightGBM,Delta,2024,Seasonal_GDD_C,4641.875,-0.2571549095366748,0.2571549095366748
LightGBM,Delta,2024,Max_CDD_days,21.0,-0.008139596692454626,0.008139596692454626
LightGBM,Delta,2024,Mean_Tmax_C,30.05850909090909,0.1230525383122339,0.1230525383122339
LightGBM,Delta,2024,Mean_Tmin_C,23.700581818181817,0.06494491170253841,0.06494491170253841
LightGBM,Delta,2024,Mean_RH_pct,86.4098909090909,-0.0003664397185594946,0.0003664397185594946
LightGBM,Delta,2024,Mean_Solar_Radiation_MJ_m2_day,16.385490909090908,0.04625420785722399,0.04625420785722399
LightGBM,Delta,2024,Rainfall_Anomaly_Z_2000_2019,-0.6683966152075341,-0.07150004013324747,0.07150004013324747
LightGBM,Ebonyi,2024,Seasonal_Rainfall_mm,903.47,0.018832059724109083,0.018832059724109083
LightGBM,Ebonyi,2024,Seasonal_GDD_C,4949.355,-0.31553200260300307,0.31553200260300307
LightGBM,Ebonyi,2024,Max_CDD_days,32.0,-0.002023801155660662,0.002023801155660662
LightGBM,Ebonyi,2024,Mean_Tmax_C,31.96454545454545,0.1367274892973833,0.1367274892973833
LightGBM,Ebonyi,2024,Mean_Tmin_C,24.03076363636364,-0.05827199673123703,0.05827199673123703
LightGBM,Ebonyi,2024,Mean_RH_pct,78.39523636363637,0.036251414766128566,0.036251414766128566
LightGBM,Ebonyi,2024,Mean_Solar_Radiation_MJ_m2_day,17.160509090909088,0.029222649222110347,0.029222649222110347
LightGBM,Ebonyi,2024,Rainfall_Anomaly_Z_2000_2019,-1.546026003363861,-0.09370518567643636,0.09370518567643636
LightGBM,Edo,2024,Seasonal_Rainfall_mm,1355.78,-0.005466673084236029,0.005466673084236029
LightGBM,Edo,2024,Seasonal_GDD_C,4583.435,-0.23234030227851607,0.23234030227851607
LightGBM,Edo,2024,Max_CDD_days,12.0,-0.0051826789509215355,0.0051826789509215355
LightGBM,Edo,2024,Mean_Tmax_C,29.72083636363637,0.14397111229749268,0.14397111229749268
LightGBM,Edo,2024,Mean_Tmin_C,23.613236363636364,0.07763959175303249,0.07763959175303249
LightGBM,Edo,2024,Mean_RH_pct,89.4073090909091,0.03744201364801645,0.03744201364801645
LightGBM,Edo,2024,Mean_Solar_Radiation_MJ_m2_day,15.766727272727271,-0.013945877512672572,0.013945877512672572
LightGBM,Edo,2024,Rainfall_Anomaly_Z_2000_2019,-0.6234406615451246,-0.0659088166749753,0.0659088166749753
LightGBM,Ekiti,2024,Seasonal_Rainfall_mm,1356.8000000000002,-0.0055001592155521604,0.0055001592155521604
LightGBM,Ekiti,2024,Seasonal_GDD_C,4302.264999999999,0.003281330661668879,0.003281330661668879
LightGBM,Ekiti,2024,Max_CDD_days,20.0,0.03343055031541078,0.03343055031541078
LightGBM,Ekiti,2024,Mean_Tmax_C,29.06705454545454,-0.034741712786273735,0.034741712786273735
LightGBM,Ekiti,2024,Mean_Tmin_C,22.22214545454545,-0.02348881879056978,0.02348881879056978
LightGBM,Ekiti,2024,Mean_RH_pct,86.85934545454545,-0.007287663253144031,0.007287663253144031
LightGBM,Ekiti,2024,Mean_Solar_Radiation_MJ_m2_day,16.821854545454546,0.0660385592075891,0.0660385592075891
LightGBM,Ekiti,2024,Rainfall_Anomaly_Z_2000_2019,-0.4765436240340352,0.013482183786242595,0.013482183786242595
LightGBM,Enugu,2024,Seasonal_Rainfall_mm,975.9,0.03170853923180599,0.03170853923180599
LightGBM,Enugu,2024,Seasonal_GDD_C,4722.129999999999,-0.2763609766235979,0.2763609766235979
LightGBM,Enugu,2024,Max_CDD_days,29.0,-0.012028974047911865,0.012028974047911865
LightGBM,Enugu,2024,Mean_Tmax_C,30.869672727272725,0.12194608904881442,0.12194608904881442
LightGBM,Enugu,2024,Mean_Tmin_C,23.47309090909091,0.09364817757455789,0.09364817757455789
LightGBM,Enugu,2024,Mean_RH_pct,81.54152727272727,-0.013115538864345877,0.013115538864345877
LightGBM,Enugu,2024,Mean_Solar_Radiation_MJ_m2_day,16.76098181818182,0.048585870448252584,0.048585870448252584
LightGBM,Enugu,2024,Rainfall_Anomaly_Z_2000_2019,-1.4811767773960565,-0.1071055041520128,0.1071055041520128
LightGBM,FCT,2024,Seasonal_Rainfall_mm,1154.31,0.05515116294919048,0.05515116294919048
LightGBM,FCT,2024,Seasonal_GDD_C,3569.07,0.17268551699666923,0.17268551699666923
LightGBM,FCT,2024,Max_CDD_days,11.0,-0.0036422079231800118,0.0036422079231800118
LightGBM,FCT,2024,Mean_Tmax_C,30.60518691588785,0.10708198368326766,0.10708198368326766
LightGBM,FCT,2024,Mean_Tmin_C,22.75060747663552,0.06719054389365596,0.06719054389365596
LightGBM,FCT,2024,Mean_RH_pct,80.45640186915888,0.05649179819821943,0.05649179819821943
LightGBM,FCT,2024,Mean_Solar_Radiation_MJ_m2_day,17.145467289719626,0.081284814115009,0.081284814115009
LightGBM,FCT,2024,Rainfall_Anomaly_Z_2000_2019,-0.0856823432362582,0.05423454716935538,0.05423454716935538
LightGBM,Gombe,2024,Seasonal_Rainfall_mm,1433.4500000000005,-0.0032203860237676883,0.0032203860237676883
LightGBM,Gombe,2024,Seasonal_GDD_C,3255.21,0.16864267549052875,0.16864267549052875
LightGBM,Gombe,2024,Max_CDD_days,16.0,0.11655250164339527,0.11655250164339527
LightGBM,Gombe,2024,Mean_Tmax_C,31.93304347826087,0.08832215909024047,0.08832215909024047
LightGBM,Gombe,2024,Mean_Tmin_C,23.44967391304348,0.08511518079910935,0.08511518079910935
LightGBM,Gombe,2024,Mean_RH_pct,73.95494565217392,0.01905345812000973,0.01905345812000973
LightGBM,Gombe,2024,Mean_Solar_Radiation_MJ_m2_day,19.025163043478265,0.17927582351417445,0.17927582351417445
LightGBM,Gombe,2024,Rainfall_Anomaly_Z_2000_2019,2.8998050239842987,0.01919816476927103,0.01919816476927103
LightGBM,Imo,2024,Seasonal_Rainfall_mm,1603.58,0.026064912056210983,0.026064912056210983
LightGBM,Imo,2024,Seasonal_GDD_C,4689.094999999999,-0.2572015130748848,0.2572015130748848
LightGBM,Imo,2024,Max_CDD_days,21.0,-0.012951814636033279,0.012951814636033279
LightGBM,Imo,2024,Mean_Tmax_C,30.22494545454545,0.14988948123669327,0.14988948123669327
LightGBM,Imo,2024,Mean_Tmin_C,23.87756363636364,-0.04118160368650118,0.04118160368650118
LightGBM,Imo,2024,Mean_RH_pct,87.54370909090908,0.006195926928987672,0.006195926928987672
LightGBM,Imo,2024,Mean_Solar_Radiation_MJ_m2_day,15.994727272727271,-0.0017969648075893375,0.0017969648075893375
LightGBM,Imo,2024,Rainfall_Anomaly_Z_2000_2019,-0.383602963468342,0.03160833492188775,0.03160833492188775
LightGBM,Jigawa,2024,Seasonal_Rainfall_mm,1018.26,0.04181273277323591,0.04181273277323591
LightGBM,Jigawa,2024,Seasonal_GDD_C,3497.245,0.0743608447815623,0.0743608447815623
LightGBM,Jigawa,2024,Max_CDD_days,16.0,0.07946036016019707,0.07946036016019707
LightGBM,Jigawa,2024,Mean_Tmax_C,34.34570652173913,0.04074850271953741,0.04074850271953741
LightGBM,Jigawa,2024,Mean_Tmin_C,23.66782608695652,0.0786309323484235,0.0786309323484235
LightGBM,Jigawa,2024,Mean_RH_pct,65.43054347826087,-0.06827596703244898,0.06827596703244898
LightGBM,Jigawa,2024,Mean_Solar_Radiation_MJ_m2_day,19.946739130434786,-0.20334899021815947,0.20334899021815947
LightGBM,Jigawa,2024,Rainfall_Anomaly_Z_2000_2019,2.6316584935954377,0.043987721661924065,0.043987721661924065
LightGBM,Kaduna,2024,Seasonal_Rainfall_mm,1456.84,-0.036067868681015705,0.036067868681015705
LightGBM,Kaduna,2024,Seasonal_GDD_C,2800.6800000000003,0.09262277000816409,0.09262277000816409
LightGBM,Kaduna,2024,Max_CDD_days,9.0,-0.02429975630181378,0.02429975630181378
LightGBM,Kaduna,2024,Mean_Tmax_C,29.12326086956521,-0.02816153609378146,0.02816153609378146
LightGBM,Kaduna,2024,Mean_Tmin_C,21.31891304347826,-0.004209314621083652,0.004209314621083652
LightGBM,Kaduna,2024,Mean_RH_pct,82.87179347826087,0.0172188120747694,0.0172188120747694
LightGBM,Kaduna,2024,Mean_Solar_Radiation_MJ_m2_day,17.654891304347824,0.0778256753538491,0.0778256753538491
LightGBM,Kaduna,2024,Rainfall_Anomaly_Z_2000_2019,0.6432506088992294,-0.028920299315037125,0.028920299315037125
LightGBM,Kano,2024,Seasonal_Rainfall_mm,1001.38,0.03848387329467619,0.03848387329467619
LightGBM,Kano,2024,Seasonal_GDD_C,3483.455,0.07334399132071914,0.07334399132071914
LightGBM,Kano,2024,Max_CDD_days,16.0,0.07805072323141166,0.07805072323141166
LightGBM,Kano,2024,Mean_Tmax_C,34.5625,0.03926150355845302,0.03926150355845302
LightGBM,Kano,2024,Mean_Tmin_C,23.301141304347823,0.07568705959895691,0.07568705959895691
LightGBM,Kano,2024,Mean_RH_pct,65.6521195652174,-0.06819890486721444,0.06819890486721444
LightGBM,Kano,2024,Mean_Solar_Radiation_MJ_m2_day,20.282445652173912,-0.22620298044310314,0.22620298044310314
LightGBM,Kano,2024,Rainfall_Anomaly_Z_2000_2019,2.4299972049098817,0.04416774770914689,0.04416774770914689
LightGBM,Katsina,2024,Seasonal_Rainfall_mm,1290.86,0.016513285265407966,0.016513285265407966
LightGBM,Katsina,2024,Seasonal_GDD_C,3208.635,-0.08405572726127024,0.08405572726127024
LightGBM,Katsina,2024,Max_CDD_days,17.0,0.024065124710885042,0.024065124710885042
LightGBM,Katsina,2024,Mean_Tmax_C,31.866684782608697,0.04162496686431014,0.04162496686431014
LightGBM,Katsina,2024,Mean_Tmin_C,23.009782608695648,0.013537648940269377,0.013537648940269377
LightGBM,Katsina,2024,Mean_RH_pct,71.46581521739131,0.012289393751152473,0.012289393751152473
LightGBM,Katsina,2024,Mean_Solar_Radiation_MJ_m2_day,19.78010869565217,-0.2078865911097001,0.2078865911097001
LightGBM,Katsina,2024,Rainfall_Anomaly_Z_2000_2019,5.707961992605359,0.05120755337873828,0.05120755337873828
LightGBM,Kebbi,2024,Seasonal_Rainfall_mm,2129.96,0.006668607385931833,0.006668607385931833
LightGBM,Kebbi,2024,Seasonal_GDD_C,3373.3050000000003,0.10260461804358245,0.10260461804358245
LightGBM,Kebbi,2024,Max_CDD_days,14.0,-0.02603788082984877,0.02603788082984877
LightGBM,Kebbi,2024,Mean_Tmax_C,32.69858695652174,0.0402542784725362,0.0402542784725362
LightGBM,Kebbi,2024,Mean_Tmin_C,23.96777173913044,0.01379177218047327,0.01379177218047327
LightGBM,Kebbi,2024,Mean_RH_pct,77.36255434782608,0.01976264998373273,0.01976264998373273
LightGBM,Kebbi,2024,Mean_Solar_Radiation_MJ_m2_day,19.6483695652174,-0.18972861073695946,0.18972861073695946
LightGBM,Kebbi,2024,Rainfall_Anomaly_Z_2000_2019,13.219542711920042,0.021789513185299293,0.021789513185299293
LightGBM,Kogi,2024,Seasonal_Rainfall_mm,876.2099999999998,0.06135672523237296,0.06135672523237296
LightGBM,Kogi,2024,Seasonal_GDD_C,3787.005,0.3212172997196283,0.3212172997196283
LightGBM,Kogi,2024,Max_CDD_days,7.0,-0.005849964110246577,0.005849964110246577
LightGBM,Kogi,2024,Mean_Tmax_C,31.41172897196261,0.13128746840574212,0.13128746840574212
LightGBM,Kogi,2024,Mean_Tmin_C,23.98084112149533,0.040473211806966954,0.040473211806966954
LightGBM,Kogi,2024,Mean_RH_pct,80.40649532710282,0.0699106484616318,0.0699106484616318
LightGBM,Kogi,2024,Mean_Solar_Radiation_MJ_m2_day,16.695794392523368,0.10380736539893083,0.10380736539893083
LightGBM,Kogi,2024,Rainfall_Anomaly_Z_2000_2019,-0.7200297516520892,-0.02915561452436991,0.02915561452436991
LightGBM,Kwara,2024,Seasonal_Rainfall_mm,1215.39,0.04813104926141859,0.04813104926141859
LightGBM,Kwara,2024,Seasonal_GDD_C,3515.295,0.12676675856252137,0.12676675856252137
LightGBM,Kwara,2024,Max_CDD_days,13.0,0.039749732200269734,0.039749732200269734
LightGBM,Kwara,2024,Mean_Tmax_C,30.14434579439252,0.021970201555077274,0.021970201555077274
LightGBM,Kwara,2024,Mean_Tmin_C,22.7088785046729,-0.03837598003600755,0.03837598003600755
LightGBM,Kwara,2024,Mean_RH_pct,83.5259813084112,-0.00024366046059252179,0.00024366046059252179
LightGBM,Kwara,2024,Mean_Solar_Radiation_MJ_m2_day,16.815327102803735,0.06298477784327271,0.06298477784327271
LightGBM,Kwara,2024,Rainfall_Anomaly_Z_2000_2019,0.417083623382899,-0.02503074770713344,0.02503074770713344
LightGBM,Lagos,2024,Seasonal_Rainfall_mm,1316.66,0.011698934593250072,0.011698934593250072
LightGBM,Lagos,2024,Seasonal_GDD_C,4739.834999999999,-0.33370248611564457,0.33370248611564457
LightGBM,Lagos,2024,Max_CDD_days,16.0,0.0781709652267622,0.0781709652267622
LightGBM,Lagos,2024,Mean_Tmax_C,29.03090909090909,-0.08331291562058989,0.08331291562058989
LightGBM,Lagos,2024,Mean_Tmin_C,25.44061818181818,-0.08121615504926115,0.08121615504926115
LightGBM,Lagos,2024,Mean_RH_pct,86.61469090909091,0.00616786522841241,0.00616786522841241
LightGBM,Lagos,2024,Mean_Solar_Radiation_MJ_m2_day,16.325090909090907,0.05003496861472758,0.05003496861472758
LightGBM,Lagos,2024,Rainfall_Anomaly_Z_2000_2019,-0.4318672772924319,0.013317333503594715,0.013317333503594715
LightGBM,Nasarawa,2024,Seasonal_Rainfall_mm,1023.58,0.05968050275844684,0.05968050275844684
LightGBM,Nasarawa,2024,Seasonal_GDD_C,3821.105,0.31513889091874037,0.31513889091874037
LightGBM,Nasarawa,2024,Max_CDD_days,16.0,0.09432179073492603,0.09432179073492603
LightGBM,Nasarawa,2024,Mean_Tmax_C,31.623457943925235,0.11829471829636969,0.11829471829636969
LightGBM,Nasarawa,2024,Mean_Tmin_C,24.08780373831776,0.0556035176711535,0.0556035176711535
LightGBM,Nasarawa,2024,Mean_RH_pct,78.61088785046731,0.06687341250227698,0.06687341250227698
LightGBM,Nasarawa,2024,Mean_Solar_Radiation_MJ_m2_day,17.359859813084114,0.09260847110158629,0.09260847110158629
LightGBM,Nasarawa,2024,Rainfall_Anomaly_Z_2000_2019,0.0556549880803931,-0.034308108500210314,0.034308108500210314
LightGBM,Niger,2024,Seasonal_Rainfall_mm,908.71,0.06915192551459926,0.06915192551459926
LightGBM,Niger,2024,Seasonal_GDD_C,3892.51,0.31264138893826204,0.31264138893826204
LightGBM,Niger,2024,Max_CDD_days,8.0,-0.019375616121349137,0.019375616121349137
LightGBM,Niger,2024,Mean_Tmax_C,32.02266355140187,0.13589926867006585,0.13589926867006585
LightGBM,Niger,2024,Mean_Tmin_C,24.355934579439253,0.04431473042417972,0.04431473042417972
LightGBM,Niger,2024,Mean_RH_pct,77.47570093457945,0.06724813528671743,0.06724813528671743
LightGBM,Niger,2024,Mean_Solar_Radiation_MJ_m2_day,17.4807476635514,0.08408145120075733,0.08408145120075733
LightGBM,Niger,2024,Rainfall_Anomaly_Z_2000_2019,-0.910216301881244,-0.06428057207315067,0.06428057207315067
LightGBM,Ogun,2024,Seasonal_Rainfall_mm,1605.6,0.027364719918222515,0.027364719918222515
LightGBM,Ogun,2024,Seasonal_GDD_C,4582.57,-0.18815857726090823,0.18815857726090823
LightGBM,Ogun,2024,Max_CDD_days,15.0,-0.01660721514726823,0.01660721514726823
LightGBM,Ogun,2024,Mean_Tmax_C,29.627236363636364,0.1367101256293001,0.1367101256293001
LightGBM,Ogun,2024,Mean_Tmin_C,23.70054545454545,0.06268207034752721,0.06268207034752721
LightGBM,Ogun,2024,Mean_RH_pct,89.01341818181818,-0.009008540441674578,0.009008540441674578
LightGBM,Ogun,2024,Mean_Solar_Radiation_MJ_m2_day,16.325090909090907,0.04549733865815468,0.04549733865815468
LightGBM,Ogun,2024,Rainfall_Anomaly_Z_2000_2019,0.0073989867254078,0.058802913704447755,0.058802913704447755
LightGBM,Ondo,2024,Seasonal_Rainfall_mm,1356.8000000000002,-0.0055001592155521604,0.0055001592155521604
LightGBM,Ondo,2024,Seasonal_GDD_C,4302.264999999999,0.003281330661668879,0.003281330661668879
LightGBM,Ondo,2024,Max_CDD_days,20.0,0.03343055031541078,0.03343055031541078
LightGBM,Ondo,2024,Mean_Tmax_C,29.06705454545454,-0.034741712786273735,0.034741712786273735
LightGBM,Ondo,2024,Mean_Tmin_C,22.22214545454545,-0.02348881879056978,0.02348881879056978
LightGBM,Ondo,2024,Mean_RH_pct,86.85934545454545,-0.007287663253144031,0.007287663253144031
LightGBM,Ondo,2024,Mean_Solar_Radiation_MJ_m2_day,16.821854545454546,0.0660385592075891,0.0660385592075891
LightGBM,Ondo,2024,Rainfall_Anomaly_Z_2000_2019,-0.4765436240340352,0.013482183786242595,0.013482183786242595
LightGBM,Osun,2024,Seasonal_Rainfall_mm,1679.4299999999998,-0.008712660020271221,0.008712660020271221
LightGBM,Osun,2024,Seasonal_GDD_C,4410.16,-0.21765257480856537,0.21765257480856537
LightGBM,Osun,2024,Max_CDD_days,20.0,0.03399792925929947,0.03399792925929947
LightGBM,Osun,2024,Mean_Tmax_C,29.38592727272728,-0.018510294862773665,0.018510294862773665
LightGBM,Osun,2024,Mean_Tmin_C,22.68796363636364,-0.01325165057489523,0.01325165057489523
LightGBM,Osun,2024,Mean_RH_pct,88.06992727272726,-0.033194654057584476,0.033194654057584476
LightGBM,Osun,2024,Mean_Solar_Radiation_MJ_m2_day,15.928509090909092,-0.038629918941802725,0.038629918941802725
LightGBM,Osun,2024,Rainfall_Anomaly_Z_2000_2019,0.1707275218903802,-0.09094276103280803,0.09094276103280803
LightGBM,Oyo,2024,Seasonal_Rainfall_mm,1632.55,0.012127090963485968,0.012127090963485968
LightGBM,Oyo,2024,Seasonal_GDD_C,4472.030000000001,-0.18376274598262704,0.18376274598262704
LightGBM,Oyo,2024,Max_CDD_days,19.0,-0.0109863643920835,0.0109863643920835
LightGBM,Oyo,2024,Mean_Tmax_C,29.67494545454545,0.12138061676462741,0.12138061676462741
LightGBM,Oyo,2024,Mean_Tmin_C,22.848909090909093,0.02208071739960394,0.02208071739960394
LightGBM,Oyo,2024,Mean_RH_pct,87.58556363636363,-0.011296711133485663,0.011296711133485663
LightGBM,Oyo,2024,Mean_Solar_Radiation_MJ_m2_day,15.93450909090909,-0.010799929940638522,0.010799929940638522
LightGBM,Oyo,2024,Rainfall_Anomaly_Z_2000_2019,0.1658194519402747,-0.07126878611254918,0.07126878611254918
LightGBM,Plateau,2024,Seasonal_Rainfall_mm,1375.73,-0.015627762461373377,0.015627762461373377
LightGBM,Plateau,2024,Seasonal_GDD_C,3065.7900000000004,0.024896970959571003,0.024896970959571003
LightGBM,Plateau,2024,Max_CDD_days,9.0,-0.012661195740319433,0.012661195740319433
LightGBM,Plateau,2024,Mean_Tmax_C,28.977289719626164,-0.024684724181693072,0.024684724181693072
LightGBM,Plateau,2024,Mean_Tmin_C,19.67495327102804,-0.014261392452714782,0.014261392452714782
LightGBM,Plateau,2024,Mean_RH_pct,77.79901869158877,-0.009256284000125299,0.009256284000125299
LightGBM,Plateau,2024,Mean_Solar_Radiation_MJ_m2_day,16.974906542056075,0.06068421588814234,0.06068421588814234
LightGBM,Plateau,2024,Rainfall_Anomaly_Z_2000_2019,1.5272735899390373,0.024110975876796684,0.024110975876796684
LightGBM,Rivers,2024,Seasonal_Rainfall_mm,1770.85,-0.008389882880768751,0.008389882880768751
LightGBM,Rivers,2024,Seasonal_GDD_C,4714.629999999999,-0.3158186054610166,0.3158186054610166
LightGBM,Rivers,2024,Max_CDD_days,21.0,-0.018733902127097014,0.018733902127097014
LightGBM,Rivers,2024,Mean_Tmax_C,30.30472727272727,0.1533650197538244,0.1533650197538244
LightGBM,Rivers,2024,Mean_Tmin_C,23.983490909090907,-0.03052109528336035,0.03052109528336035
LightGBM,Rivers,2024,Mean_RH_pct,88.48505454545455,0.0001449859387281092,0.0001449859387281092
LightGBM,Rivers,2024,Mean_Solar_Radiation_MJ_m2_day,14.248981818181818,0.03198455971928662,0.03198455971928662
LightGBM,Rivers,2024,Rainfall_Anomaly_Z_2000_2019,-0.7322444356504656,-0.07230091919235819,0.07230091919235819
LightGBM,Sokoto,2024,Seasonal_Rainfall_mm,1363.51,-0.004746678315911783,0.004746678315911783
LightGBM,Sokoto,2024,Seasonal_GDD_C,3433.615,0.13168207441749505,0.13168207441749505
LightGBM,Sokoto,2024,Max_CDD_days,16.0,0.09296669786402185,0.09296669786402185
LightGBM,Sokoto,2024,Mean_Tmax_C,33.102663043478266,0.049866984052038446,0.049866984052038446
LightGBM,Sokoto,2024,Mean_Tmin_C,24.219239130434783,-0.01135680702730929,0.01135680702730929
LightGBM,Sokoto,2024,Mean_RH_pct,72.92222826086956,0.04934352667377978,0.04934352667377978
LightGBM,Sokoto,2024,Mean_Solar_Radiation_MJ_m2_day,20.30445652173913,-0.21522619379082789,0.21522619379082789
LightGBM,Sokoto,2024,Rainfall_Anomaly_Z_2000_2019,4.944994593631734,0.04237040961262742,0.04237040961262742
LightGBM,Taraba,2024,Seasonal_Rainfall_mm,1095.85,0.0319001760444189,0.0319001760444189
LightGBM,Taraba,2024,Seasonal_GDD_C,3227.08,0.1298948233524243,0.1298948233524243
LightGBM,Taraba,2024,Max_CDD_days,12.0,0.009182283998796881,0.009182283998796881
LightGBM,Taraba,2024,Mean_Tmax_C,31.396032608695656,0.10561523372581208,0.10561523372581208
LightGBM,Taraba,2024,Mean_Tmin_C,23.68092391304348,0.08853774182577982,0.08853774182577982
LightGBM,Taraba,2024,Mean_RH_pct,77.71913043478261,0.0399253026333767,0.0399253026333767
LightGBM,Taraba,2024,Mean_Solar_Radiation_MJ_m2_day,16.88103260869565,0.10000609786973291,0.10000609786973291
LightGBM,Taraba,2024,Rainfall_Anomaly_Z_2000_2019,1.2225505917593709,0.04857287144373154,0.04857287144373154
LightGBM,Yobe,2024,Seasonal_Rainfall_mm,926.85,0.030588853203012047,0.030588853203012047
LightGBM,Yobe,2024,Seasonal_GDD_C,3455.5950000000003,0.08852236306953237,0.08852236306953237
LightGBM,Yobe,2024,Max_CDD_days,31.0,-0.022971937605639564,0.022971937605639564
LightGBM,Yobe,2024,Mean_Tmax_C,33.55940217391304,0.03122982819897347,0.03122982819897347
LightGBM,Yobe,2024,Mean_Tmin_C,24.001413043478266,-0.023724746604416296,0.023724746604416296
LightGBM,Yobe,2024,Mean_RH_pct,66.63913043478261,-0.07920472012973778,0.07920472012973778
LightGBM,Yobe,2024,Mean_Solar_Radiation_MJ_m2_day,20.06733695652174,-0.23795042438302366,0.23795042438302366
LightGBM,Yobe,2024,Rainfall_Anomaly_Z_2000_2019,2.0400254849642674,-0.0022316643565374965,0.0022316643565374965
LightGBM,Zamfara,2024,Seasonal_Rainfall_mm,694.8700000000001,-0.019635019128605033,0.019635019128605033
LightGBM,Zamfara,2024,Seasonal_GDD_C,3260.635,0.054958595602210114,0.054958595602210114
LightGBM,Zamfara,2024,Max_CDD_days,17.0,-0.019864567569005412,0.019864567569005412
LightGBM,Zamfara,2024,Mean_Tmax_C,32.69663043478261,0.05560426813953896,0.05560426813953896
LightGBM,Zamfara,2024,Mean_Tmin_C,22.745054347826088,-0.0067227853317281825,0.0067227853317281825
LightGBM,Zamfara,2024,Mean_RH_pct,70.14929347826086,0.049356049579447246,0.049356049579447246
LightGBM,Zamfara,2024,Mean_Solar_Radiation_MJ_m2_day,19.637336956521736,-0.2151969652238192,0.2151969652238192
LightGBM,Zamfara,2024,Rainfall_Anomaly_Z_2000_2019,-0.1021922336829729,-0.002986857785913328,0.002986857785913328
