Outer_Fold,State,Year,Model,Observed_Yield,Predicted_Yield,Lower_90,Upper_90,Interval_Width,Covered,Calibration_qhat
1,Adamawa,2020,Ridge,2.17,2.4191986310805342,1.6000852440306461,3.238312018130422,1.638226774099776,True,0.8191133870498881
1,Adamawa,2021,Ridge,2.18,2.3612258840764278,1.5421124970265396,3.180339271126316,1.6382267740997765,True,0.8191133870498881
1,Adamawa,2022,Ridge,2.27,2.5056221226889863,1.6865087356390982,3.3247355097388747,1.6382267740997765,True,0.8191133870498881
1,Adamawa,2023,Ridge,2.31,2.0567150430318293,1.2376016559819412,2.875828430081717,1.638226774099776,True,0.8191133870498881
1,Adamawa,2024,Ridge,2.38,2.3036360494622103,1.4845226624123222,3.1227494365120982,1.638226774099776,True,0.8191133870498881
1,Benue,2020,Ridge,2.35,2.276965732525615,1.4578523454757268,3.096079119575503,1.638226774099776,True,0.8191133870498881
1,Benue,2021,Ridge,2.36,2.2541366173218855,1.4350232302719974,3.073250004371774,1.6382267740997765,True,0.8191133870498881
1,Benue,2022,Ridge,2.48,2.28530460910083,1.466191222050942,3.104417996150718,1.638226774099776,True,0.8191133870498881
1,Benue,2023,Ridge,2.53,2.2592794959305973,1.4401661088807092,3.078392882980485,1.638226774099776,True,0.8191133870498881
1,Benue,2024,Ridge,2.59,2.2022816778414045,1.3831682907915164,3.0213950648912924,1.638226774099776,True,0.8191133870498881
1,Edo,2020,Ridge,1.52,2.0666880336525724,1.2475746466026842,2.8858014207024603,1.638226774099776,True,0.8191133870498881
1,Edo,2021,Ridge,1.48,1.9716782086115634,1.1525648215616753,2.7907915956614513,1.638226774099776,True,0.8191133870498881
1,Edo,2022,Ridge,2.26,2.1230626746884473,1.3039492876385592,2.9421760617383352,1.638226774099776,True,0.8191133870498881
1,Edo,2023,Ridge,2.3,2.057557859219544,1.238444472169656,2.8766712462694324,1.6382267740997765,True,0.8191133870498881
1,Edo,2024,Ridge,2.37,2.1066748460556695,1.2875614590057813,2.925788233105558,1.6382267740997765,True,0.8191133870498881
1,Imo,2020,Ridge,2.42,1.9255076905084536,1.1063943034585655,2.7446210775583415,1.638226774099776,True,0.8191133870498881
1,Imo,2021,Ridge,2.42,1.9001421484753216,1.0810287614254335,2.7192555355252095,1.638226774099776,True,0.8191133870498881
1,Imo,2022,Ridge,2.36,2.066607429439293,1.2474940423894048,2.885720816489181,1.6382267740997765,True,0.8191133870498881
1,Imo,2023,Ridge,2.41,1.9723996099427759,1.1532862228928877,2.791512996992664,1.6382267740997762,True,0.8191133870498881
1,Imo,2024,Ridge,2.48,2.0173969855343854,1.1982835984844973,2.8365103725842733,1.638226774099776,True,0.8191133870498881
1,Kebbi,2020,Ridge,1.99,2.4823178587287464,1.6632044716788583,3.301431245778635,1.6382267740997765,True,0.8191133870498881
1,Kebbi,2021,Ridge,1.97,2.2846618095071043,1.4655484224572162,3.1037751965569926,1.6382267740997765,True,0.8191133870498881
1,Kebbi,2022,Ridge,2.11,2.4582037600169273,1.6390903729670392,3.2773171470668157,1.6382267740997765,True,0.8191133870498881
1,Kebbi,2023,Ridge,2.15,2.22766721487631,1.4085538278264218,3.046780601926198,1.638226774099776,True,0.8191133870498881
1,Kebbi,2024,Ridge,2.15,2.780513754094873,1.9614003670449847,3.5996271411447607,1.638226774099776,True,0.8191133870498881
1,Niger,2020,Ridge,2.48,2.256178568264541,1.4370651812146529,3.0752919553144293,1.6382267740997765,True,0.8191133870498881
1,Niger,2021,Ridge,2.71,2.0972878079677857,1.2781744209178976,2.9164011950176736,1.638226774099776,True,0.8191133870498881
1,Niger,2022,Ridge,3.44,2.2593434007713564,1.4402300137214683,3.0784567878212448,1.6382267740997765,False,0.8191133870498881
1,Niger,2023,Ridge,3.51,2.1513130421473052,1.3321996550974171,2.970426429197193,1.638226774099776,False,0.8191133870498881
1,Niger,2024,Ridge,3.59,2.1210906773758844,1.3019772903259963,2.9402040644257728,1.6382267740997765,False,0.8191133870498881
1,Plateau,2020,Ridge,2.48,2.5140999777072746,1.6949865906573864,3.333213364757163,1.6382267740997765,True,0.8191133870498881
1,Plateau,2021,Ridge,2.48,2.3413546383327937,1.5222412512829055,3.1604680253826816,1.638226774099776,True,0.8191133870498881
1,Plateau,2022,Ridge,2.24,2.4741256649805803,1.6550122779306922,3.2932390520304686,1.6382267740997765,True,0.8191133870498881
1,Plateau,2023,Ridge,2.29,2.561840646084981,1.742727259035093,3.380954033134869,1.638226774099776,True,0.8191133870498881
1,Plateau,2024,Ridge,2.34,2.6421093852326023,1.8229959981827142,3.4612227722824906,1.6382267740997765,True,0.8191133870498881
1,Zamfara,2020,Ridge,1.39,2.526770218910097,1.707656831860209,3.345883605959985,1.638226774099776,False,0.8191133870498881
1,Zamfara,2021,Ridge,1.43,2.4609084182434513,1.6417950311935632,3.280021805293339,1.638226774099776,False,0.8191133870498881
1,Zamfara,2022,Ridge,1.5,2.5442082062115015,1.7250948191616133,3.3633215932613894,1.638226774099776,False,0.8191133870498881
1,Zamfara,2023,Ridge,1.54,2.29350117906185,1.4743877920119617,3.1126145661117377,1.638226774099776,True,0.8191133870498881
1,Zamfara,2024,Ridge,1.6,2.404994260524196,1.5858808734743077,3.224107647574084,1.6382267740997765,True,0.8191133870498881
1,Adamawa,2020,RandomForest,2.17,2.064633417508417,1.2906940259740232,2.8385728090428106,1.5478787830687875,True,0.7739393915343937
1,Adamawa,2021,RandomForest,2.18,2.069834806397305,1.2958954148629114,2.843774197931699,1.5478787830687875,True,0.7739393915343937
1,Adamawa,2022,RandomForest,2.27,2.053616062178562,1.2796766706441685,2.827555453712956,1.5478787830687875,True,0.7739393915343937
1,Adamawa,2023,RandomForest,2.31,2.247370132275131,1.4734307407407372,3.0213095238095247,1.5478787830687875,True,0.7739393915343937
1,Adamawa,2024,RandomForest,2.38,2.49870617845118,1.7247667869167862,3.2726455699855737,1.5478787830687875,True,0.7739393915343937
1,Benue,2020,RandomForest,2.35,2.546041729196731,1.7721023376623375,3.319981120731125,1.5478787830687875,True,0.7739393915343937
1,Benue,2021,RandomForest,2.36,2.653578469123471,1.8796390775890774,3.427517860657865,1.5478787830687875,True,0.7739393915343937
1,Benue,2022,RandomForest,2.48,2.474654757094758,1.7007153655603644,3.248594148629152,1.5478787830687875,True,0.7739393915343937
1,Benue,2023,RandomForest,2.53,2.621248087745589,1.8473086962111953,3.3951874792799828,1.5478787830687875,True,0.7739393915343937
1,Benue,2024,RandomForest,2.59,2.66531388037888,1.8913744888444861,3.4392532719132736,1.5478787830687875,True,0.7739393915343937
1,Edo,2020,RandomForest,1.52,1.966426661579161,1.1924872700447673,2.7403660531135547,1.5478787830687875,True,0.7739393915343937
1,Edo,2021,RandomForest,1.48,1.9878609340659337,1.21392154253154,2.761800325600327,1.5478787830687872,True,0.7739393915343937
1,Edo,2022,RandomForest,2.26,1.9434801704776703,1.1695407789432766,2.717419562012064,1.5478787830687875,True,0.7739393915343937
1,Edo,2023,RandomForest,2.3,1.7152395956820954,0.9413002041477017,2.489178987216489,1.5478787830687872,True,0.7739393915343937
1,Edo,2024,RandomForest,2.37,1.990820285243079,1.2168808937086852,2.764759676777473,1.5478787830687877,True,0.7739393915343937
1,Imo,2020,RandomForest,2.42,1.9526067370320304,1.1786673454976366,2.726546128566424,1.5478787830687875,True,0.7739393915343937
1,Imo,2021,RandomForest,2.42,1.7548889923039928,0.980949600769599,2.5288283838383867,1.5478787830687877,True,0.7739393915343937
1,Imo,2022,RandomForest,2.36,1.8897085131263063,1.1157691215919125,2.6636479046607002,1.5478787830687877,True,0.7739393915343937
1,Imo,2023,RandomForest,2.41,1.902600598845598,1.1286612073112043,2.676539990379992,1.5478787830687875,True,0.7739393915343937
1,Imo,2024,RandomForest,2.48,1.7970252152477149,1.0230858237133211,2.5709646067821086,1.5478787830687875,True,0.7739393915343937
1,Kebbi,2020,RandomForest,1.99,2.4275254330854334,1.6535860415510397,3.201464824619827,1.5478787830687875,True,0.7739393915343937
1,Kebbi,2021,RandomForest,1.97,2.5183908946608957,1.744451503126502,3.2923302861952894,1.5478787830687875,True,0.7739393915343937
1,Kebbi,2022,RandomForest,2.11,2.6056898522773526,1.8317504607429589,3.3796292438117463,1.5478787830687875,True,0.7739393915343937
1,Kebbi,2023,RandomForest,2.15,2.3405956794131804,1.5666562878787866,3.114535070947574,1.5478787830687875,True,0.7739393915343937
1,Kebbi,2024,RandomForest,2.15,2.2889893183668204,1.5150499268324267,3.062928709901214,1.5478787830687875,True,0.7739393915343937
1,Niger,2020,RandomForest,2.48,2.5594414787989797,1.785502087264586,3.3333808703333734,1.5478787830687875,True,0.7739393915343937
1,Niger,2021,RandomForest,2.71,2.5509894816294807,1.777050090095087,3.3249288731638744,1.5478787830687875,True,0.7739393915343937
1,Niger,2022,RandomForest,3.44,2.617798793798794,1.8438594022644001,3.3917381853331876,1.5478787830687875,False,0.7739393915343937
1,Niger,2023,RandomForest,3.51,2.6437751380101395,1.8698357464757458,3.4177145295445333,1.5478787830687875,False,0.7739393915343937
1,Niger,2024,RandomForest,3.59,2.5694374744699764,1.7954980829355827,3.34337686600437,1.5478787830687875,False,0.7739393915343937
1,Plateau,2020,RandomForest,2.48,2.5763200553150547,1.802380663780661,3.3502594468494484,1.5478787830687875,True,0.7739393915343937
1,Plateau,2021,RandomForest,2.48,2.438155015632515,1.6642156240981212,3.2120944071669086,1.5478787830687875,True,0.7739393915343937
1,Plateau,2022,RandomForest,2.24,2.55834676166426,1.7844073701298662,3.3322861531986536,1.5478787830687875,True,0.7739393915343937
1,Plateau,2023,RandomForest,2.29,2.476380340307839,1.7024409487734453,3.2503197318422328,1.5478787830687875,True,0.7739393915343937
1,Plateau,2024,RandomForest,2.34,2.4800177849927842,1.7060783934583905,3.253957176527178,1.5478787830687875,True,0.7739393915343937
1,Zamfara,2020,RandomForest,1.39,2.202718187830685,1.4287787962962915,2.976657579365079,1.5478787830687875,False,0.7739393915343937
1,Zamfara,2021,RandomForest,1.43,2.1022791221741217,1.328339730639728,2.8762185137085154,1.5478787830687875,True,0.7739393915343937
1,Zamfara,2022,RandomForest,1.5,2.3411820298220283,1.5672426382876345,3.115121421356422,1.5478787830687875,False,0.7739393915343937
1,Zamfara,2023,RandomForest,1.54,2.454504384319385,1.680564992784991,3.2284437758537785,1.5478787830687875,False,0.7739393915343937
1,Zamfara,2024,RandomForest,1.6,2.358117246272246,1.5841778547378524,3.13205663780664,1.5478787830687875,True,0.7739393915343937
1,Adamawa,2020,LightGBM,2.17,1.9583250531331444,1.18220172262816,2.734448383638129,1.5522466610099688,True,0.7761233305049844
1,Adamawa,2021,LightGBM,2.18,1.9568248648383983,1.180701534333414,2.7329481953433827,1.5522466610099688,True,0.7761233305049844
1,Adamawa,2022,LightGBM,2.27,1.8109333923038475,1.0348100617988631,2.587056722808832,1.5522466610099688,True,0.7761233305049844
1,Adamawa,2023,LightGBM,2.31,2.022955465032405,1.2468321345274207,2.7990787955373895,1.5522466610099688,True,0.7761233305049844
1,Adamawa,2024,LightGBM,2.38,2.5491432647168732,1.7730199342118889,3.3252665952218576,1.5522466610099688,True,0.7761233305049844
1,Benue,2020,LightGBM,2.35,2.5193869377179148,1.7432636072129304,3.295510268222899,1.5522466610099688,True,0.7761233305049844
1,Benue,2021,LightGBM,2.36,2.657282023339147,1.8811586928341626,3.4334053538441314,1.5522466610099688,True,0.7761233305049844
1,Benue,2022,LightGBM,2.48,2.6121882390836975,1.836064908578713,3.388311569588682,1.5522466610099688,True,0.7761233305049844
1,Benue,2023,LightGBM,2.53,2.6789632244954973,1.902839893990513,3.4550865550004817,1.5522466610099688,True,0.7761233305049844
1,Benue,2024,LightGBM,2.59,2.698281993212997,1.9221586627080125,3.4744053237179813,1.5522466610099688,True,0.7761233305049844
1,Edo,2020,LightGBM,1.52,2.0129453958458154,1.236822065340831,2.7890687263508,1.5522466610099688,True,0.7761233305049844
1,Edo,2021,LightGBM,1.48,2.097494867926304,1.3213715374213195,2.8736181984312883,1.5522466610099688,True,0.7761233305049844
1,Edo,2022,LightGBM,2.26,1.9331198853348708,1.1569965548298864,2.709243215839855,1.5522466610099688,True,0.7761233305049844
1,Edo,2023,LightGBM,2.3,1.7558632210932983,0.9797398905883139,2.5319865515982825,1.5522466610099686,True,0.7761233305049844
1,Edo,2024,LightGBM,2.37,2.0100049211566797,1.2338815906516953,2.786128251661664,1.5522466610099688,True,0.7761233305049844
1,Imo,2020,LightGBM,2.42,1.8535343025960693,1.077410972091085,2.6296576331010537,1.5522466610099688,True,0.7761233305049844
1,Imo,2021,LightGBM,2.42,1.6968827975697311,0.9207594670647468,2.4730061280747155,1.5522466610099688,True,0.7761233305049844
1,Imo,2022,LightGBM,2.36,1.7935658924803077,1.0174425619753233,2.569689222985292,1.5522466610099686,True,0.7761233305049844
1,Imo,2023,LightGBM,2.41,1.8716349572429072,1.0955116267379228,2.647758287747892,1.552246661009969,True,0.7761233305049844
1,Imo,2024,LightGBM,2.48,1.7018127909261938,0.9256894604212094,2.477936121431178,1.5522466610099688,False,0.7761233305049844
1,Kebbi,2020,LightGBM,1.99,2.3795075289139245,1.60338419840894,3.155630859418909,1.5522466610099688,True,0.7761233305049844
1,Kebbi,2021,LightGBM,1.97,2.3437231134177887,1.5675997829128043,3.119846443922773,1.5522466610099688,True,0.7761233305049844
1,Kebbi,2022,LightGBM,2.11,2.689388211052477,1.9132648805474926,3.4655115415574613,1.5522466610099688,True,0.7761233305049844
1,Kebbi,2023,LightGBM,2.15,2.180095972677362,1.4039726421723775,2.9562193031823463,1.5522466610099688,True,0.7761233305049844
1,Kebbi,2024,LightGBM,2.15,2.261117082623862,1.4849937521188776,3.0372404131288464,1.5522466610099688,True,0.7761233305049844
1,Niger,2020,LightGBM,2.48,2.6511885150811527,1.8750651845761683,3.427311845586137,1.5522466610099688,True,0.7761233305049844
1,Niger,2021,LightGBM,2.71,2.5919371222925007,1.8158137917875163,3.368060452797485,1.5522466610099688,True,0.7761233305049844
1,Niger,2022,LightGBM,3.44,2.627407001628053,1.8512836711230687,3.4035303321330375,1.5522466610099688,False,0.7761233305049844
1,Niger,2023,LightGBM,3.51,2.6131927850853884,1.837069454580404,3.389316115590373,1.5522466610099688,False,0.7761233305049844
1,Niger,2024,LightGBM,3.59,2.5440548230153817,1.7679314925103973,3.320178153520366,1.5522466610099688,False,0.7761233305049844
1,Plateau,2020,LightGBM,2.48,2.6013488127762505,1.8252254822712661,3.377472143281235,1.5522466610099688,True,0.7761233305049844
1,Plateau,2021,LightGBM,2.48,2.59743843219381,1.8213151016888256,3.3735617626987944,1.5522466610099688,True,0.7761233305049844
1,Plateau,2022,LightGBM,2.24,2.5834848045543466,1.8073614740493622,3.359608135059331,1.5522466610099688,True,0.7761233305049844
1,Plateau,2023,LightGBM,2.29,2.604017952562582,1.8278946220575976,3.3801412830675663,1.5522466610099688,True,0.7761233305049844
1,Plateau,2024,LightGBM,2.34,2.6583104871644556,1.8821871566594712,3.43443381766944,1.5522466610099688,True,0.7761233305049844
1,Zamfara,2020,LightGBM,1.39,2.2855655962948673,1.509442265789883,3.0616889267998517,1.5522466610099688,False,0.7761233305049844
1,Zamfara,2021,LightGBM,1.43,2.229269274178692,1.4531459436737078,3.0053926046836765,1.5522466610099688,False,0.7761233305049844
1,Zamfara,2022,LightGBM,1.5,2.2599423306261093,1.4838190001211249,3.0360656611310937,1.5522466610099688,True,0.7761233305049844
1,Zamfara,2023,LightGBM,1.54,2.4509581559362696,1.6748348254312853,3.227081486441254,1.5522466610099688,False,0.7761233305049844
1,Zamfara,2024,LightGBM,1.6,2.348995138130283,1.5728718076252988,3.1251184686352675,1.5522466610099688,True,0.7761233305049844
2,Abia,2020,Ridge,1.46,2.140405267733156,1.0506043439440507,3.230206191522261,2.17960184757821,True,1.0898009237891053
2,Abia,2021,Ridge,1.24,2.13720938816349,1.0474084643743848,3.2270103119525952,2.17960184757821,True,1.0898009237891053
2,Abia,2022,Ridge,1.35,2.2091391839921717,1.1193382602030664,3.298940107781277,2.179601847578211,True,1.0898009237891053
2,Abia,2023,Ridge,1.38,2.1504060025736447,1.0606050787845394,3.2402069263627498,2.17960184757821,True,1.0898009237891053
2,Abia,2024,Ridge,1.42,2.2167960692184687,1.1269951454293634,3.306596993007574,2.17960184757821,True,1.0898009237891053
2,Bayelsa,2020,Ridge,1.59,1.8758976198820374,0.7860966960929321,2.9656985436711425,2.17960184757821,True,1.0898009237891053
2,Bayelsa,2021,Ridge,1.52,1.880365520788522,0.7905645969994166,2.970166444577627,2.17960184757821,True,1.0898009237891053
2,Bayelsa,2022,Ridge,1.59,2.070217855538117,0.9804169317490119,3.1600187793272223,2.17960184757821,True,1.0898009237891053
2,Bayelsa,2023,Ridge,1.62,2.0608807399115783,0.971079816122473,3.1506816637006834,2.17960184757821,True,1.0898009237891053
2,Bayelsa,2024,Ridge,1.67,2.0786101847352825,0.9888092609461772,3.1684111085243876,2.17960184757821,True,1.0898009237891053
2,Ebonyi,2020,Ridge,1.82,2.142830683846992,1.0530297600578866,3.2326316076360975,2.179601847578211,True,1.0898009237891053
2,Ebonyi,2021,Ridge,1.83,2.1704056883902014,1.0806047646010961,3.2602066121793065,2.17960184757821,True,1.0898009237891053
2,Ebonyi,2022,Ridge,1.74,2.192729201505977,1.1029282777168719,3.2825301252950823,2.17960184757821,True,1.0898009237891053
2,Ebonyi,2023,Ridge,1.78,2.1133506124012964,1.023549688612191,3.2031515361904015,2.17960184757821,True,1.0898009237891053
2,Ebonyi,2024,Ridge,1.83,2.0868970120854273,0.997096088296322,3.1766979358745324,2.17960184757821,True,1.0898009237891053
2,Gombe,2020,Ridge,1.79,2.6237406545619986,1.5339397307728933,3.713541578351104,2.179601847578211,True,1.0898009237891053
2,Gombe,2021,Ridge,1.73,2.455924067677361,1.3661231438882557,3.545724991466466,2.17960184757821,True,1.0898009237891053
2,Gombe,2022,Ridge,1.77,2.5914176018319193,1.501616678042814,3.6812185256210244,2.17960184757821,True,1.0898009237891053
2,Gombe,2023,Ridge,1.8,2.4539461371326836,1.3641452133435783,3.543747060921789,2.179601847578211,True,1.0898009237891053
2,Gombe,2024,Ridge,1.85,2.3428839860311115,1.2530830622420062,3.4326849098202166,2.17960184757821,True,1.0898009237891053
2,Katsina,2020,Ridge,2.0,2.4876187019887825,1.3978177781996772,3.577419625777888,2.179601847578211,True,1.0898009237891053
2,Katsina,2021,Ridge,1.94,2.3063550348844313,1.216554111095326,3.3961559586735364,2.17960184757821,True,1.0898009237891053
2,Katsina,2022,Ridge,2.21,2.5191835900666675,1.4293826662775622,3.6089845138557726,2.17960184757821,True,1.0898009237891053
2,Katsina,2023,Ridge,2.26,2.252781852076138,1.1629809282870325,3.3425827758652433,2.179601847578211,True,1.0898009237891053
2,Katsina,2024,Ridge,2.44,2.373898417671107,1.2840974938820018,3.463699341460212,2.17960184757821,True,1.0898009237891053
2,Nasarawa,2020,Ridge,2.91,2.4200268733738337,1.3302259495847284,3.509827797162939,2.17960184757821,True,1.0898009237891053
2,Nasarawa,2021,Ridge,2.69,2.3055301274828244,1.215729203693719,3.3953310512719295,2.17960184757821,True,1.0898009237891053
2,Nasarawa,2022,Ridge,2.77,2.3853317800539084,1.2955308562648031,3.4751327038430135,2.17960184757821,True,1.0898009237891053
2,Nasarawa,2023,Ridge,2.83,2.2990040351408734,1.209203111351768,3.3888049589299785,2.17960184757821,True,1.0898009237891053
2,Nasarawa,2024,Ridge,2.89,2.2975106778213896,1.2077097540322843,3.387311601610495,2.179601847578211,True,1.0898009237891053
2,Oyo,2020,Ridge,1.88,2.3089235842267435,1.2191226604376382,3.3987245080158486,2.17960184757821,True,1.0898009237891053
2,Oyo,2021,Ridge,1.85,2.2010385378905943,1.111237614101489,3.2908394616797,2.179601847578211,True,1.0898009237891053
2,Oyo,2022,Ridge,2.03,2.265269318214601,1.1754683944254956,3.3550702420037064,2.179601847578211,True,1.0898009237891053
2,Oyo,2023,Ridge,2.07,2.2084724847415833,1.118671560952478,3.2982734085306884,2.17960184757821,True,1.0898009237891053
2,Oyo,2024,Ridge,2.13,2.3100592564271043,1.220258332637999,3.3998601802162094,2.17960184757821,True,1.0898009237891053
2,Yobe,2020,Ridge,2.01,2.520300077375893,1.4304991535867877,3.610101001164998,2.17960184757821,True,1.0898009237891053
2,Yobe,2021,Ridge,2.01,2.4967479809123794,1.406947057123274,3.586548904701485,2.179601847578211,True,1.0898009237891053
2,Yobe,2022,Ridge,1.66,2.5470045992567867,1.4572036754676814,3.6368055230458918,2.17960184757821,True,1.0898009237891053
2,Yobe,2023,Ridge,1.7,2.2549978097995127,1.1651968860104074,3.3447987335886182,2.179601847578211,True,1.0898009237891053
2,Yobe,2024,Ridge,1.62,2.250711025702371,1.1609101019132655,3.340511949491476,2.17960184757821,True,1.0898009237891053
2,Abia,2020,RandomForest,1.46,2.132820781718281,1.125588066470565,3.140053496965997,2.0144654304954317,True,1.0072327152477158
2,Abia,2021,RandomForest,1.24,2.154937809875308,1.1477050946275922,3.162170525123024,2.0144654304954317,True,1.0072327152477158
2,Abia,2022,RandomForest,1.35,2.0810617256817263,1.0738290104340105,3.088294440929442,2.0144654304954317,True,1.0072327152477158
2,Abia,2023,RandomForest,1.38,2.186320703185702,1.179087987937986,3.193553418433418,2.0144654304954317,True,1.0072327152477158
2,Abia,2024,RandomForest,1.42,2.1637605508380497,1.156527835590334,3.1709932660857656,2.0144654304954317,True,1.0072327152477158
2,Bayelsa,2020,RandomForest,1.59,1.9752786568986573,0.9680459416509415,2.982511372146373,2.0144654304954317,True,1.0072327152477158
2,Bayelsa,2021,RandomForest,1.52,1.7272124963924962,0.7199797811447803,2.734445211640212,2.0144654304954317,True,1.0072327152477158
2,Bayelsa,2022,RandomForest,1.59,2.063414034484034,1.0561813192363183,3.07064674973175,2.0144654304954317,True,1.0072327152477158
2,Bayelsa,2023,RandomForest,1.62,1.9122303619528633,0.9049976467051475,2.919463077200579,2.0144654304954317,True,1.0072327152477158
2,Bayelsa,2024,RandomForest,1.67,1.919864104136605,0.9126313888888891,2.927096819384321,2.0144654304954317,True,1.0072327152477158
2,Ebonyi,2020,RandomForest,1.82,2.12619419053169,1.118961475283974,3.1334269057794057,2.0144654304954317,True,1.0072327152477158
2,Ebonyi,2021,RandomForest,1.83,2.0801044560994564,1.0728717408517405,3.0873371713471722,2.0144654304954317,True,1.0072327152477158
2,Ebonyi,2022,RandomForest,1.74,2.1426953810078806,1.1354626657601647,3.1499280962555964,2.0144654304954317,True,1.0072327152477158
2,Ebonyi,2023,RandomForest,1.78,1.9825800769600754,0.9753473617123596,2.9898127922077915,2.0144654304954317,True,1.0072327152477158
2,Ebonyi,2024,RandomForest,1.83,2.0119193662818646,1.0046866510341488,3.0191520815295805,2.0144654304954317,True,1.0072327152477158
2,Gombe,2020,RandomForest,1.79,2.515515791245793,1.5082830759980772,3.522748506493509,2.0144654304954317,True,1.0072327152477158
2,Gombe,2021,RandomForest,1.73,2.366151361231363,1.358918645983647,3.373384076479079,2.0144654304954317,True,1.0072327152477158
2,Gombe,2022,RandomForest,1.77,2.461355476190477,1.4541227609427612,3.468588191438193,2.0144654304954317,True,1.0072327152477158
2,Gombe,2023,RandomForest,1.8,2.3140729810004816,1.3068402657527658,3.3213056962481975,2.0144654304954317,True,1.0072327152477158
2,Gombe,2024,RandomForest,1.85,2.444478698893699,1.4372459836459832,3.451711414141415,2.0144654304954317,True,1.0072327152477158
2,Katsina,2020,RandomForest,2.0,2.5099683850408856,1.5027356697931697,3.5172011002886014,2.0144654304954317,True,1.0072327152477158
2,Katsina,2021,RandomForest,1.94,2.548310686628187,1.5410779713804712,3.555543401875903,2.0144654304954317,True,1.0072327152477158
2,Katsina,2022,RandomForest,2.21,2.494135643338144,1.4869029280904282,3.50136835858586,2.0144654304954317,True,1.0072327152477158
2,Katsina,2023,RandomForest,2.26,2.4121773653198666,1.4049446500721507,3.4194100805675824,2.0144654304954317,True,1.0072327152477158
2,Katsina,2024,RandomForest,2.44,2.4279770250120243,1.4207443097643084,3.43520974025974,2.0144654304954317,True,1.0072327152477158
2,Nasarawa,2020,RandomForest,2.91,2.391653882876383,1.384421167628667,3.3988865981240988,2.0144654304954317,True,1.0072327152477158
2,Nasarawa,2021,RandomForest,2.69,2.7743334898434915,1.7671007745957756,3.7815662050912073,2.0144654304954317,True,1.0072327152477158
2,Nasarawa,2022,RandomForest,2.77,2.5001774797424785,1.4929447644947627,3.5074101949901944,2.0144654304954317,True,1.0072327152477158
2,Nasarawa,2023,RandomForest,2.83,2.8504786255411245,1.8432459102934087,3.8577113407888404,2.0144654304954317,True,1.0072327152477158
2,Nasarawa,2024,RandomForest,2.89,2.752054430014431,1.744821714766715,3.759287145262147,2.0144654304954317,True,1.0072327152477158
2,Oyo,2020,RandomForest,1.88,2.2568147992747996,1.2495820840270837,3.2640475145225154,2.0144654304954317,True,1.0072327152477158
2,Oyo,2021,RandomForest,1.85,2.1570750120250115,1.1498422967772957,3.1643077272727274,2.0144654304954317,True,1.0072327152477158
2,Oyo,2022,RandomForest,2.03,2.197133587061086,1.1899008718133701,3.204366302308802,2.0144654304954317,True,1.0072327152477158
2,Oyo,2023,RandomForest,2.07,2.146377453194952,1.1391447379472361,3.153610168442668,2.0144654304954317,True,1.0072327152477158
2,Oyo,2024,RandomForest,2.13,2.163698347115845,1.1564656318681292,3.170931062363561,2.0144654304954317,True,1.0072327152477158
2,Yobe,2020,RandomForest,2.01,2.4485269648869643,1.4412942496392485,3.45575968013468,2.0144654304954317,True,1.0072327152477158
2,Yobe,2021,RandomForest,2.01,2.4242201394901404,1.4169874242424245,3.431452854737856,2.0144654304954317,True,1.0072327152477158
2,Yobe,2022,RandomForest,1.66,2.298900199615199,1.2916674843674834,3.306132914862915,2.0144654304954317,True,1.0072327152477158
2,Yobe,2023,RandomForest,1.7,2.355662389369888,1.3484296741221722,3.362895104617604,2.0144654304954317,True,1.0072327152477158
2,Yobe,2024,RandomForest,1.62,2.289014505124506,1.2817817898767903,3.296247220372222,2.0144654304954317,True,1.0072327152477158
2,Abia,2020,LightGBM,1.46,2.1256637705465637,1.102280620021996,3.1490469210711316,2.0467663010491357,True,1.0233831505245679
2,Abia,2021,LightGBM,1.24,2.259594179588104,1.236211029063536,3.2829773301126717,2.0467663010491357,True,1.0233831505245679
2,Abia,2022,LightGBM,1.35,2.014226308861566,0.9908431583369981,3.037609459386134,2.0467663010491357,True,1.0233831505245679
2,Abia,2023,LightGBM,1.38,2.3090951659106294,1.2857120153860615,3.332478316435197,2.0467663010491357,True,1.0233831505245679
2,Abia,2024,LightGBM,1.42,2.2432489142823684,1.2198657637578005,3.2666320648069362,2.0467663010491357,True,1.0233831505245679
2,Bayelsa,2020,LightGBM,1.59,1.9482311496852829,0.924847999160715,2.9716143002098505,2.0467663010491357,True,1.0233831505245679
2,Bayelsa,2021,LightGBM,1.52,1.6010999422498573,0.5777167917252894,2.624483092774425,2.0467663010491357,True,1.0233831505245679
2,Bayelsa,2022,LightGBM,1.59,2.000640440793345,0.9772572902687773,3.024023591317913,2.0467663010491357,True,1.0233831505245679
2,Bayelsa,2023,LightGBM,1.62,2.101813784302937,1.0784306337783693,3.125196934827505,2.0467663010491357,True,1.0233831505245679
2,Bayelsa,2024,LightGBM,1.67,1.8179549513482969,0.794571800823729,2.8413381018728647,2.0467663010491357,True,1.0233831505245679
2,Ebonyi,2020,LightGBM,1.82,2.370681949427459,1.3472987989028913,3.394065099952027,2.0467663010491357,True,1.0233831505245679
2,Ebonyi,2021,LightGBM,1.83,2.186872445467971,1.1634892949434033,3.210255595992539,2.0467663010491357,True,1.0233831505245679
2,Ebonyi,2022,LightGBM,1.74,2.342149027293706,1.3187658767691381,3.365532177818274,2.0467663010491357,True,1.0233831505245679
2,Ebonyi,2023,LightGBM,1.78,2.088121265844614,1.0647381153200461,3.111504416369182,2.0467663010491357,True,1.0233831505245679
2,Ebonyi,2024,LightGBM,1.83,2.088478003077496,1.065094852552928,3.1118611536020637,2.0467663010491357,True,1.0233831505245679
2,Gombe,2020,LightGBM,1.79,2.5828513993450457,1.5594682488204779,3.6062345498696136,2.0467663010491357,True,1.0233831505245679
2,Gombe,2021,LightGBM,1.73,2.329635222009999,1.306252071485431,3.353018372534567,2.0467663010491357,True,1.0233831505245679
2,Gombe,2022,LightGBM,1.77,2.412479339767936,1.389096189243368,3.4358624902925037,2.0467663010491357,True,1.0233831505245679
2,Gombe,2023,LightGBM,1.8,2.3840566609673854,1.3606735104428176,3.4074398114919533,2.0467663010491357,True,1.0233831505245679
2,Gombe,2024,LightGBM,1.85,2.553772531772554,1.530389381247986,3.5771556822971218,2.0467663010491357,True,1.0233831505245679
2,Katsina,2020,LightGBM,2.0,2.5072733768600615,1.4838902263354936,3.5306565273846293,2.0467663010491357,True,1.0233831505245679
2,Katsina,2021,LightGBM,1.94,2.6342121739452304,1.6108290234206626,3.6575953244697983,2.0467663010491357,True,1.0233831505245679
2,Katsina,2022,LightGBM,2.21,2.5334291468320966,1.5100459963075288,3.5568122973566645,2.0467663010491357,True,1.0233831505245679
2,Katsina,2023,LightGBM,2.26,2.434600516910773,1.411217366386205,3.457983667435341,2.0467663010491357,True,1.0233831505245679
2,Katsina,2024,LightGBM,2.44,2.389508463201997,1.366125312677429,3.412891613726565,2.0467663010491357,True,1.0233831505245679
2,Nasarawa,2020,LightGBM,2.91,2.40332838575174,1.3799452352271722,3.426711536276308,2.0467663010491357,True,1.0233831505245679
2,Nasarawa,2021,LightGBM,2.69,2.6052376262270798,1.581854475702512,3.6286207767516476,2.0467663010491357,True,1.0233831505245679
2,Nasarawa,2022,LightGBM,2.77,2.399457440179727,1.376074289655159,3.4228405907042947,2.0467663010491357,True,1.0233831505245679
2,Nasarawa,2023,LightGBM,2.83,2.82225813056177,1.7988749800372021,3.845641281086338,2.0467663010491357,True,1.0233831505245679
2,Nasarawa,2024,LightGBM,2.89,2.850741697492402,1.827358546967834,3.8741248480169697,2.0467663010491357,True,1.0233831505245679
2,Oyo,2020,LightGBM,1.88,2.3675333716096176,1.3441502210850498,3.3909165221341855,2.0467663010491357,True,1.0233831505245679
2,Oyo,2021,LightGBM,1.85,2.168871739292928,1.1454885887683601,3.192254889817496,2.0467663010491357,True,1.0233831505245679
2,Oyo,2022,LightGBM,2.03,2.196340169260632,1.172957018736064,3.2197233197851998,2.0467663010491357,True,1.0233831505245679
2,Oyo,2023,LightGBM,2.07,2.259161725630369,1.235778575105801,3.2825448761549367,2.0467663010491357,True,1.0233831505245679
2,Oyo,2024,LightGBM,2.13,2.2470911377769136,1.2237079872523458,3.2704742883014815,2.0467663010491357,True,1.0233831505245679
2,Yobe,2020,LightGBM,2.01,2.5436294436839453,1.5202462931593774,3.567012594208513,2.0467663010491357,True,1.0233831505245679
2,Yobe,2021,LightGBM,2.01,2.4680473362892466,1.4446641857646787,3.4914304868138144,2.0467663010491357,True,1.0233831505245679
2,Yobe,2022,LightGBM,1.66,2.3052749239008823,1.2818917733763144,3.32865807442545,2.0467663010491357,True,1.0233831505245679
2,Yobe,2023,LightGBM,1.7,2.125289839441489,1.1019066889169213,3.148672989966057,2.0467663010491357,True,1.0233831505245679
2,Yobe,2024,LightGBM,1.62,2.2238794017640697,1.2004962512395019,3.2472625522886376,2.0467663010491357,True,1.0233831505245679
3,Bauchi,2020,Ridge,1.84,2.490994037551128,1.7415075024548166,3.2404805726474395,1.498973070192623,True,0.7494865350963116
3,Bauchi,2021,Ridge,1.89,2.311636197563553,1.5621496624672415,3.0611227326598645,1.498973070192623,True,0.7494865350963116
3,Bauchi,2022,Ridge,1.53,2.5240511440206594,1.7745646089243479,3.273537679116971,1.498973070192623,False,0.7494865350963116
3,Bauchi,2023,Ridge,1.56,2.2004190529318657,1.450932517835554,2.9499055880281775,1.4989730701926234,True,0.7494865350963116
3,Bauchi,2024,Ridge,1.6,2.3339168534735846,1.584430318377273,3.083403388569896,1.498973070192623,True,0.7494865350963116
3,Delta,2020,Ridge,2.02,1.9266253215268245,1.177138786430513,2.676111856623136,1.4989730701926232,True,0.7494865350963116
3,Delta,2021,Ridge,2.0,1.938081783816366,1.1885952487200544,2.6875683189126773,1.498973070192623,True,0.7494865350963116
3,Delta,2022,Ridge,1.99,2.1138736067141255,1.364387071617814,2.8633601418104373,1.4989730701926234,True,0.7494865350963116
3,Delta,2023,Ridge,2.03,2.052681869891198,1.3031953347948864,2.8021684049875093,1.498973070192623,True,0.7494865350963116
3,Delta,2024,Ridge,2.09,2.0032411792676967,1.2537546441713852,2.752727714364008,1.498973070192623,True,0.7494865350963116
3,FCT,2020,Ridge,2.27,2.4504956425354547,1.7010091074391431,3.1999821776317665,1.4989730701926234,True,0.7494865350963116
3,FCT,2021,Ridge,2.29,2.294738770581776,1.5452522354854643,3.0442253056780872,1.498973070192623,True,0.7494865350963116
3,FCT,2022,Ridge,2.48,2.5121003793661516,1.76261384426984,3.2615869144624634,1.4989730701926234,True,0.7494865350963116
3,FCT,2023,Ridge,2.53,2.3576076872407605,1.608121152144449,3.1070942223370723,1.4989730701926234,True,0.7494865350963116
3,FCT,2024,Ridge,2.6,2.457696743271101,1.7082102081747894,3.2071832783674123,1.498973070192623,True,0.7494865350963116
3,Kano,2020,Ridge,2.7,2.2086318993205665,1.459145364224255,2.9581184344168783,1.4989730701926234,True,0.7494865350963116
3,Kano,2021,Ridge,2.69,2.055209412974415,1.3057228778781036,2.8046959480707265,1.498973070192623,True,0.7494865350963116
3,Kano,2022,Ridge,2.93,2.332860016948997,1.5833734818526854,3.0823465520453084,1.498973070192623,True,0.7494865350963116
3,Kano,2023,Ridge,2.99,1.855842946152795,1.1063564110564834,2.6053294812491066,1.4989730701926232,False,0.7494865350963116
3,Kano,2024,Ridge,3.08,2.195284530479519,1.4457979953832074,2.9447710655758303,1.498973070192623,False,0.7494865350963116
3,Lagos,2020,Ridge,1.61,1.8077684984609002,1.0582819633645886,2.5572550335572117,1.4989730701926232,True,0.7494865350963116
3,Lagos,2021,Ridge,1.59,1.7298232762626915,0.9803367411663799,2.479309811359003,1.498973070192623,True,0.7494865350963116
3,Lagos,2022,Ridge,1.63,1.8433835491270028,1.0938970140306912,2.592870084223314,1.498973070192623,True,0.7494865350963116
3,Lagos,2023,Ridge,1.66,1.780364381352483,1.0308778462561714,2.529850916448795,1.4989730701926234,True,0.7494865350963116
3,Lagos,2024,Ridge,1.71,1.7652241121387537,1.0157375770424422,2.5147106472350655,1.4989730701926234,True,0.7494865350963116
3,Osun,2020,Ridge,2.03,2.149855489867786,1.4003689547714744,2.8993420249640973,1.498973070192623,True,0.7494865350963116
3,Osun,2021,Ridge,2.17,2.0140208782573037,1.2645343431609921,2.763507413353615,1.498973070192623,True,0.7494865350963116
3,Osun,2022,Ridge,2.34,2.1537174033460937,1.4042308682497822,2.903203938442405,1.498973070192623,True,0.7494865350963116
3,Osun,2023,Ridge,2.39,2.1042905389423274,1.3548040038460158,2.8537770740386392,1.4989730701926234,True,0.7494865350963116
3,Osun,2024,Ridge,2.46,2.158105126463032,1.4086185913667204,2.9075916615593433,1.498973070192623,True,0.7494865350963116
3,Taraba,2020,Ridge,2.04,2.791971613520186,2.0424850784238746,3.5414581486164973,1.4989730701926227,False,0.7494865350963116
3,Taraba,2021,Ridge,2.04,2.677787749167588,1.9283012140712763,3.4272742842638992,1.498973070192623,True,0.7494865350963116
3,Taraba,2022,Ridge,2.14,2.9014098650067726,2.1519233299104608,3.6508964001030844,1.4989730701926236,False,0.7494865350963116
3,Taraba,2023,Ridge,2.19,2.3841963280390566,1.634709792942745,3.133682863135368,1.498973070192623,True,0.7494865350963116
3,Taraba,2024,Ridge,2.24,2.708744783900468,1.9592582488041563,3.4582313189967797,1.4989730701926234,True,0.7494865350963116
3,Bauchi,2020,RandomForest,1.84,2.0668849095349096,1.4298685633810626,2.7039012556887565,1.274032692307694,True,0.637016346153847
3,Bauchi,2021,RandomForest,1.89,2.0641587609612597,1.4271424148074128,2.7011751071151067,1.274032692307694,True,0.637016346153847
3,Bauchi,2022,RandomForest,1.53,2.078853204203204,1.4418368580493572,2.715869550357051,1.274032692307694,True,0.637016346153847
3,Bauchi,2023,RandomForest,1.56,2.0041906000481022,1.3671742538942553,2.641206946201949,1.274032692307694,True,0.637016346153847
3,Bauchi,2024,RandomForest,1.6,2.1112660915935915,1.4742497454397445,2.7482824377474384,1.274032692307694,True,0.637016346153847
3,Delta,2020,RandomForest,2.02,1.9222280199430186,1.2852116737891717,2.5592443660968653,1.2740326923076937,True,0.637016346153847
3,Delta,2021,RandomForest,2.0,1.9089760925185923,1.2719597463647454,2.5459924386724393,1.274032692307694,True,0.637016346153847
3,Delta,2022,RandomForest,1.99,1.7262711218411217,1.0892547756872748,2.3632874679949687,1.274032692307694,True,0.637016346153847
3,Delta,2023,RandomForest,2.03,2.078165656565656,1.441149310411809,2.715182002719503,1.274032692307694,True,0.637016346153847
3,Delta,2024,RandomForest,2.09,2.1511097631072635,1.5140934169534166,2.7881261092611105,1.274032692307694,True,0.637016346153847
3,FCT,2020,RandomForest,2.27,2.6052291498316498,1.9682128036778028,3.2422454959854967,1.274032692307694,True,0.637016346153847
3,FCT,2021,RandomForest,2.29,2.6157228270803294,1.9787064809264825,3.2527391732341764,1.274032692307694,True,0.637016346153847
3,FCT,2022,RandomForest,2.48,2.5091592015392026,1.8721428553853556,3.1461755476930495,1.274032692307694,True,0.637016346153847
3,FCT,2023,RandomForest,2.53,2.6714045863395874,2.0343882401857405,3.3084209324934344,1.274032692307694,True,0.637016346153847
3,FCT,2024,RandomForest,2.6,2.6645711301661317,2.0275547840122847,3.3015874763199786,1.274032692307694,True,0.637016346153847
3,Kano,2020,RandomForest,2.7,2.0918928212528223,1.4548764750989753,2.7289091674066692,1.274032692307694,True,0.637016346153847
3,Kano,2021,RandomForest,2.69,2.1656942604617604,1.5286779143079134,2.8027106066156073,1.274032692307694,True,0.637016346153847
3,Kano,2022,RandomForest,2.93,2.0573059752284775,1.4202896290746305,2.6943223213823244,1.274032692307694,False,0.637016346153847
3,Kano,2023,RandomForest,2.99,1.8797802789802782,1.2427639328264313,2.516796625134125,1.274032692307694,False,0.637016346153847
3,Kano,2024,RandomForest,3.08,2.0780062563362574,1.4409899101824104,2.7150226024901043,1.274032692307694,False,0.637016346153847
3,Lagos,2020,RandomForest,1.61,1.7944180352980348,1.1574016891441878,2.431434381451882,1.2740326923076941,True,0.637016346153847
3,Lagos,2021,RandomForest,1.59,1.8617541331816323,1.2247377870277854,2.4987704793354792,1.274032692307694,True,0.637016346153847
3,Lagos,2022,RandomForest,1.63,1.6243110259185252,0.9872946797646782,2.261327372072372,1.274032692307694,True,0.637016346153847
3,Lagos,2023,RandomForest,1.66,1.7463237868612866,1.1093074407074397,2.3833401330151336,1.274032692307694,True,0.637016346153847
3,Lagos,2024,RandomForest,1.71,1.810822995615495,1.1738066494616481,2.447839341769342,1.2740326923076937,True,0.637016346153847
3,Osun,2020,RandomForest,2.03,2.21485490860991,1.577838562456063,2.851871254763757,1.274032692307694,True,0.637016346153847
3,Osun,2021,RandomForest,2.17,2.2114640488215507,1.5744477026677037,2.8484803949753976,1.274032692307694,True,0.637016346153847
3,Osun,2022,RandomForest,2.34,2.1687655435305446,1.5317491973766977,2.8057818896843916,1.274032692307694,True,0.637016346153847
3,Osun,2023,RandomForest,2.39,2.1646054509379518,1.5275891047841048,2.8016217970917987,1.274032692307694,True,0.637016346153847
3,Osun,2024,RandomForest,2.46,1.891063454785954,1.254047108632107,2.5280798009398007,1.2740326923076937,True,0.637016346153847
3,Taraba,2020,RandomForest,2.04,2.6944269708994715,2.0574106247456245,3.3314433170533184,1.274032692307694,False,0.637016346153847
3,Taraba,2021,RandomForest,2.04,2.6218139742664746,1.9847976281126276,3.2588303204203215,1.274032692307694,True,0.637016346153847
3,Taraba,2022,RandomForest,2.14,2.542115325692826,1.905098979538979,3.179131671846673,1.274032692307694,True,0.637016346153847
3,Taraba,2023,RandomForest,2.19,2.862107317219815,2.225090971065968,3.4991236633736618,1.274032692307694,False,0.637016346153847
3,Taraba,2024,RandomForest,2.24,2.5954399643874635,1.9584236182336165,3.2324563105413104,1.274032692307694,True,0.637016346153847
3,Bauchi,2020,LightGBM,1.84,2.277684172569043,1.6431966216977503,2.9121717234403355,1.2689751017425852,True,0.6344875508712926
3,Bauchi,2021,LightGBM,1.89,1.955884772101842,1.3213972212305494,2.590372322973135,1.2689751017425854,True,0.6344875508712926
3,Bauchi,2022,LightGBM,1.53,2.222602017538184,1.5881144666668914,2.8570895684094766,1.2689751017425852,False,0.6344875508712926
3,Bauchi,2023,LightGBM,1.56,1.9827205068790794,1.3482329560077868,2.6172080577503722,1.2689751017425854,True,0.6344875508712926
3,Bauchi,2024,LightGBM,1.6,2.172221601212845,1.5377340503415522,2.8067091520841374,1.2689751017425852,True,0.6344875508712926
3,Delta,2020,LightGBM,2.02,2.0296977858455865,1.3952102349742939,2.664185336716879,1.2689751017425852,True,0.6344875508712926
3,Delta,2021,LightGBM,2.0,2.0329402322259686,1.398452681354676,2.6674277830972613,1.2689751017425852,True,0.6344875508712926
3,Delta,2022,LightGBM,1.99,1.7943121935378885,1.159824642666596,2.428799744409181,1.2689751017425852,True,0.6344875508712926
3,Delta,2023,LightGBM,2.03,1.8316747738060972,1.1971872229348046,2.4661623246773896,1.268975101742585,True,0.6344875508712926
3,Delta,2024,LightGBM,2.09,2.2208842268494173,1.5863966759781247,2.85537177772071,1.2689751017425852,True,0.6344875508712926
3,FCT,2020,LightGBM,2.27,2.55612559878339,1.9216380479120976,3.190613149654683,1.2689751017425852,True,0.6344875508712926
3,FCT,2021,LightGBM,2.29,2.4352218417849674,1.8007342909136748,3.06970939265626,1.2689751017425852,True,0.6344875508712926
3,FCT,2022,LightGBM,2.48,2.524174722919796,1.8896871720485033,3.1586622737910885,1.2689751017425852,True,0.6344875508712926
3,FCT,2023,LightGBM,2.53,2.4737156559365077,1.839228105065215,3.1082032068078003,1.2689751017425852,True,0.6344875508712926
3,FCT,2024,LightGBM,2.6,2.5356658087210824,1.9011782578497898,3.170153359592375,1.2689751017425852,True,0.6344875508712926
3,Kano,2020,LightGBM,2.7,2.062906474288467,1.4284189234171745,2.6973940251597597,1.2689751017425852,False,0.6344875508712926
3,Kano,2021,LightGBM,2.69,2.160084075223496,1.5255965243522036,2.794571626094789,1.2689751017425852,True,0.6344875508712926
3,Kano,2022,LightGBM,2.93,1.9520989686664105,1.317611417795118,2.586586519537703,1.2689751017425852,False,0.6344875508712926
3,Kano,2023,LightGBM,2.99,1.8172014548239763,1.1827139039526837,2.451689005695269,1.2689751017425854,False,0.6344875508712926
3,Kano,2024,LightGBM,3.08,2.2285569837558903,1.5940694328845977,2.863044534627183,1.2689751017425852,False,0.6344875508712926
3,Lagos,2020,LightGBM,1.61,1.8867318760910439,1.2522443252197513,2.5212194269623365,1.2689751017425852,True,0.6344875508712926
3,Lagos,2021,LightGBM,1.59,1.928798653859057,1.2943111029877643,2.5632862047303497,1.2689751017425854,True,0.6344875508712926
3,Lagos,2022,LightGBM,1.63,1.7215946270810565,1.0871070762097639,2.356082177952349,1.2689751017425852,True,0.6344875508712926
3,Lagos,2023,LightGBM,1.66,1.7617768194913592,1.1272892686200666,2.396264370362652,1.2689751017425854,True,0.6344875508712926
3,Lagos,2024,LightGBM,1.71,1.968336697174563,1.3338491463032704,2.602824248045856,1.2689751017425854,True,0.6344875508712926
3,Osun,2020,LightGBM,2.03,2.1327389858670207,1.498251434995728,2.7672265367383133,1.2689751017425852,True,0.6344875508712926
3,Osun,2021,LightGBM,2.17,2.271559090326724,1.6370715394554316,2.906046641198017,1.2689751017425852,True,0.6344875508712926
3,Osun,2022,LightGBM,2.34,2.1811530917434467,1.5466655408721541,2.8156406426147393,1.2689751017425852,True,0.6344875508712926
3,Osun,2023,LightGBM,2.39,2.2206275665620994,1.5861400156908068,2.855115117433392,1.2689751017425852,True,0.6344875508712926
3,Osun,2024,LightGBM,2.46,1.6371399457308478,1.0026523948595552,2.2716274966021404,1.2689751017425852,False,0.6344875508712926
3,Taraba,2020,LightGBM,2.04,2.5483763614223918,1.9138888105510992,3.1828639122936844,1.2689751017425852,True,0.6344875508712926
3,Taraba,2021,LightGBM,2.04,2.572031736374062,1.9375441855027695,3.2065192872453547,1.2689751017425852,True,0.6344875508712926
3,Taraba,2022,LightGBM,2.14,2.312951284799027,1.6784637339277344,2.9474388356703196,1.2689751017425852,True,0.6344875508712926
3,Taraba,2023,LightGBM,2.19,2.7125185080887513,2.0780309572174587,3.347006058960044,1.2689751017425852,True,0.6344875508712926
3,Taraba,2024,LightGBM,2.24,2.613314845295833,1.9788272944245402,3.2478023961671254,1.2689751017425852,True,0.6344875508712926
4,Anambra,2020,Ridge,1.96,1.792557372006324,1.1014327930603414,2.4836819509523065,1.3822491578919651,True,0.6911245789459826
4,Anambra,2021,Ridge,1.99,1.7742257695991186,1.083101190653136,2.465350348545101,1.3822491578919651,True,0.6911245789459826
4,Anambra,2022,Ridge,2.12,1.9948239562711887,1.3036993773252061,2.6859485352171713,1.3822491578919651,True,0.6911245789459826
4,Anambra,2023,Ridge,2.17,1.907268219955706,1.2161436410097235,2.5983927989016884,1.382249157891965,True,0.6911245789459826
4,Anambra,2024,Ridge,2.23,1.9028749677905796,1.211750388844597,2.593999546736562,1.382249157891965,True,0.6911245789459826
4,Cross River,2020,Ridge,1.75,1.9823434896008838,1.2912189106549012,2.6734680685468666,1.3822491578919653,True,0.6911245789459826
4,Cross River,2021,Ridge,1.86,1.884787887462202,1.1936633085162194,2.5759124664081847,1.3822491578919653,True,0.6911245789459826
4,Cross River,2022,Ridge,1.61,1.9438178806801767,1.2526933017341941,2.634942459626159,1.382249157891965,True,0.6911245789459826
4,Cross River,2023,Ridge,1.65,2.0484002584549,1.3572756795089176,2.7395248374008827,1.3822491578919651,True,0.6911245789459826
4,Cross River,2024,Ridge,1.69,2.0691014636384026,1.37797688469242,2.760226042584385,1.3822491578919651,True,0.6911245789459826
4,Enugu,2020,Ridge,1.82,1.9159917094944925,1.22486713054851,2.607116288440475,1.3822491578919651,True,0.6911245789459826
4,Enugu,2021,Ridge,1.88,1.9720330889213682,1.2809085099753856,2.6631576678673508,1.3822491578919651,True,0.6911245789459826
4,Enugu,2022,Ridge,2.08,2.071028724760282,1.3799041458142995,2.7621533037062647,1.3822491578919651,True,0.6911245789459826
4,Enugu,2023,Ridge,2.12,2.0231176345501547,1.3319930556041721,2.7142422134961373,1.3822491578919651,True,0.6911245789459826
4,Enugu,2024,Ridge,2.18,1.9488831294647457,1.2577585505187632,2.640007708410728,1.382249157891965,True,0.6911245789459826
4,Kaduna,2020,Ridge,2.56,2.078926550607832,1.3878019716618493,2.7700511295538144,1.3822491578919651,True,0.6911245789459826
4,Kaduna,2021,Ridge,2.57,1.8036092344507888,1.1124846555048062,2.4947338133967714,1.3822491578919651,False,0.6911245789459826
4,Kaduna,2022,Ridge,2.73,2.113472369588697,1.4223477906427147,2.80459694853468,1.3822491578919651,True,0.6911245789459826
4,Kaduna,2023,Ridge,2.78,2.091148163721605,1.4000235847756226,2.7822727426675877,1.3822491578919651,True,0.6911245789459826
4,Kaduna,2024,Ridge,3.15,2.4734197894763206,1.782295210530338,3.164544368422303,1.3822491578919651,True,0.6911245789459826
4,Kwara,2020,Ridge,1.96,2.4308135676168217,1.739688988670839,3.121938146562804,1.3822491578919651,True,0.6911245789459826
4,Kwara,2021,Ridge,1.96,2.300727969437665,1.6096033904916824,2.9918525483836476,1.3822491578919651,True,0.6911245789459826
4,Kwara,2022,Ridge,2.09,2.431719681953451,1.7405951030074682,3.1228442608994333,1.3822491578919651,True,0.6911245789459826
4,Kwara,2023,Ridge,2.13,2.418889287451975,1.7277647085059926,3.1100138663979577,1.3822491578919651,True,0.6911245789459826
4,Kwara,2024,Ridge,2.18,2.501294310019495,1.8101697310735125,3.1924188889654777,1.3822491578919651,True,0.6911245789459826
4,Ondo,2020,Ridge,2.5,2.0021220964903543,1.3109975175443718,2.693246675436337,1.3822491578919651,True,0.6911245789459826
4,Ondo,2021,Ridge,2.48,1.9398367085885342,1.2487121296425516,2.6309612875345167,1.3822491578919651,True,0.6911245789459826
4,Ondo,2022,Ridge,2.65,2.015751988912119,1.3246274099661366,2.7068765678581017,1.3822491578919651,True,0.6911245789459826
4,Ondo,2023,Ridge,2.71,1.9982251231327823,1.3071005441867998,2.689349702078765,1.3822491578919651,False,0.6911245789459826
4,Ondo,2024,Ridge,2.78,2.003624454824835,1.3124998758788524,2.6947490337708175,1.3822491578919651,False,0.6911245789459826
4,Sokoto,2020,Ridge,2.68,1.9986968289732063,1.3075722500272238,2.689821407919189,1.3822491578919651,True,0.6911245789459826
4,Sokoto,2021,Ridge,2.54,1.8099406812338013,1.1188161022878187,2.501065260179784,1.3822491578919653,False,0.6911245789459826
4,Sokoto,2022,Ridge,2.31,2.0523853806547985,1.361260801708816,2.743509959600781,1.3822491578919651,True,0.6911245789459826
4,Sokoto,2023,Ridge,2.35,1.8532586589162097,1.162134079970227,2.544383237862192,1.382249157891965,True,0.6911245789459826
4,Sokoto,2024,Ridge,2.4,2.1744433793535927,1.48331880040761,2.8655679582995752,1.3822491578919651,True,0.6911245789459826
4,Anambra,2020,RandomForest,1.96,1.8433665836940811,1.1043322186147162,2.5824009487734463,1.47806873015873,True,0.7390343650793649
4,Anambra,2021,RandomForest,1.99,1.9122582876382852,1.1732239225589203,2.6512926527176504,1.47806873015873,True,0.7390343650793649
4,Anambra,2022,RandomForest,2.12,1.8343433285233266,1.0953089634439617,2.5733776936026915,1.4780687301587299,True,0.7390343650793649
4,Anambra,2023,RandomForest,2.17,2.038872061919561,1.2998376968401961,2.7779064269989258,1.4780687301587296,True,0.7390343650793649
4,Anambra,2024,RandomForest,2.23,2.0528220131720136,1.3137876480926487,2.791856378251379,1.47806873015873,True,0.7390343650793649
4,Cross River,2020,RandomForest,1.75,1.4721609824434827,0.7331266173641178,2.211195347522848,1.47806873015873,True,0.7390343650793649
4,Cross River,2021,RandomForest,1.86,1.366916310448812,0.6278819453694471,2.105950675528177,1.4780687301587299,True,0.7390343650793649
4,Cross River,2022,RandomForest,1.61,1.5958792724867719,0.8568449074074069,2.334913637566137,1.47806873015873,True,0.7390343650793649
4,Cross River,2023,RandomForest,1.65,1.476537028342029,0.737502663262664,2.215571393421394,1.4780687301587299,True,0.7390343650793649
4,Cross River,2024,RandomForest,1.69,1.5555744802419809,0.8165401151626159,2.2946088453213456,1.4780687301587296,True,0.7390343650793649
4,Enugu,2020,RandomForest,1.82,2.237812712842711,1.498778347763346,2.976847077922076,1.47806873015873,True,0.7390343650793649
4,Enugu,2021,RandomForest,1.88,1.9682047127872124,1.2291703477078475,2.7072390778665776,1.47806873015873,True,0.7390343650793649
4,Enugu,2022,RandomForest,2.08,1.8311480661005661,1.0921137010212012,2.570182431179931,1.4780687301587296,True,0.7390343650793649
4,Enugu,2023,RandomForest,2.12,1.7139164960964963,0.9748821310171314,2.4529508611758613,1.4780687301587299,True,0.7390343650793649
4,Enugu,2024,RandomForest,2.18,1.8034865907240905,1.0644522256447255,2.5425209558034556,1.47806873015873,True,0.7390343650793649
4,Kaduna,2020,RandomForest,2.56,2.2648904749879755,1.5258561099086105,3.0039248400673406,1.47806873015873,True,0.7390343650793649
4,Kaduna,2021,RandomForest,2.57,1.8620884347134343,1.1230540696340694,2.6011227997927993,1.4780687301587299,True,0.7390343650793649
4,Kaduna,2022,RandomForest,2.73,2.329229557479558,1.590195192400193,3.0682639225589226,1.4780687301587296,True,0.7390343650793649
4,Kaduna,2023,RandomForest,2.78,1.9902392182817175,1.2512048532023525,2.729273583361082,1.4780687301587296,False,0.7390343650793649
4,Kaduna,2024,RandomForest,3.15,2.233871990139489,1.4948376250601239,2.9729063552188535,1.4780687301587296,False,0.7390343650793649
4,Kwara,2020,RandomForest,1.96,2.2991908742183758,1.5601565091390108,3.0382252392977405,1.4780687301587296,True,0.7390343650793649
4,Kwara,2021,RandomForest,1.96,2.3617323965848986,1.6226980315055337,3.1007667616642633,1.4780687301587296,True,0.7390343650793649
4,Kwara,2022,RandomForest,2.09,2.331413983886485,1.5923796188071202,3.07044834896585,1.4780687301587296,True,0.7390343650793649
4,Kwara,2023,RandomForest,2.13,2.5017546861471875,1.7627203210678226,3.2407890512265523,1.4780687301587296,True,0.7390343650793649
4,Kwara,2024,RandomForest,2.18,2.481750264550266,1.742715899470901,3.220784629629631,1.47806873015873,True,0.7390343650793649
4,Ondo,2020,RandomForest,2.5,1.95406858104858,1.2150342159692151,2.693102946127945,1.4780687301587299,True,0.7390343650793649
4,Ondo,2021,RandomForest,2.48,1.9516688684463683,1.2126345033670034,2.690703233525733,1.4780687301587296,True,0.7390343650793649
4,Ondo,2022,RandomForest,2.65,2.039959134199134,1.3009247691197692,2.7789934992784993,1.47806873015873,True,0.7390343650793649
4,Ondo,2023,RandomForest,2.71,2.053871144781145,1.31483677970178,2.7929055098605096,1.4780687301587296,True,0.7390343650793649
4,Ondo,2024,RandomForest,2.78,2.0435225360750353,1.3044881709956704,2.7825569011544005,1.47806873015873,True,0.7390343650793649
4,Sokoto,2020,RandomForest,2.68,2.1463167352092354,1.4072823701298705,2.8853511002886005,1.47806873015873,True,0.7390343650793649
4,Sokoto,2021,RandomForest,2.54,2.3939462481962486,1.6549118831168836,3.1329806132756133,1.4780687301587296,True,0.7390343650793649
4,Sokoto,2022,RandomForest,2.31,2.1618866919191917,1.4228523268398268,2.9009210569985564,1.4780687301587296,True,0.7390343650793649
4,Sokoto,2023,RandomForest,2.35,2.3204788035113024,1.5814444384319375,3.0595131685906676,1.47806873015873,True,0.7390343650793649
4,Sokoto,2024,RandomForest,2.4,2.180580238095237,1.441545873015872,2.919614603174602,1.47806873015873,True,0.7390343650793649
4,Anambra,2020,LightGBM,1.96,1.894839346301375,1.2452482911377427,2.544430401465007,1.2991821103272645,True,0.6495910551636324
4,Anambra,2021,LightGBM,1.99,1.8949191009633466,1.2453280457997142,2.5445101561269787,1.2991821103272645,True,0.6495910551636324
4,Anambra,2022,LightGBM,2.12,1.809399348664095,1.1598082935004626,2.4589904038277273,1.2991821103272647,True,0.6495910551636324
4,Anambra,2023,LightGBM,2.17,1.986609553136225,1.3370184979725925,2.6362006082998573,1.2991821103272647,True,0.6495910551636324
4,Anambra,2024,LightGBM,2.23,1.904990887903335,1.2553998327397027,2.5545819430669674,1.2991821103272647,True,0.6495910551636324
4,Cross River,2020,LightGBM,1.75,1.3570162302302273,0.707425175066595,2.0066072853938595,1.2991821103272645,True,0.6495910551636324
4,Cross River,2021,LightGBM,1.86,1.282095156812054,0.6325041016484216,1.9316862119756864,1.2991821103272647,True,0.6495910551636324
4,Cross River,2022,LightGBM,1.61,1.3843712032257884,0.7347801480621561,2.033962258389421,1.2991821103272647,True,0.6495910551636324
4,Cross River,2023,LightGBM,1.65,1.360422713682677,0.7108316585190446,2.010013768846309,1.2991821103272645,True,0.6495910551636324
4,Cross River,2024,LightGBM,1.69,1.5018538991494108,0.8522628439857785,2.1514449543130434,1.299182110327265,True,0.6495910551636324
4,Enugu,2020,LightGBM,1.82,2.454095238369533,1.8045041832059008,3.1036862935331655,1.2991821103272647,True,0.6495910551636324
4,Enugu,2021,LightGBM,1.88,1.8572843024910295,1.2076932473273971,2.506875357654662,1.2991821103272647,True,0.6495910551636324
4,Enugu,2022,LightGBM,2.08,1.952014157204769,1.3024231020411365,2.6016052123684013,1.2991821103272647,True,0.6495910551636324
4,Enugu,2023,LightGBM,2.12,1.7487252194002425,1.0991341642366101,2.398316274563875,1.299182110327265,True,0.6495910551636324
4,Enugu,2024,LightGBM,2.18,1.754653285902163,1.1050622307385307,2.4042443410657954,1.2991821103272647,True,0.6495910551636324
4,Kaduna,2020,LightGBM,2.56,2.1815755471040674,1.531984491940435,2.8311666022677,1.2991821103272647,True,0.6495910551636324
4,Kaduna,2021,LightGBM,2.57,1.8115991197592707,1.1620080645956383,2.461190174922903,1.2991821103272647,False,0.6495910551636324
4,Kaduna,2022,LightGBM,2.73,2.321528899000288,1.6719378438366554,2.97111995416392,1.2991821103272647,True,0.6495910551636324
4,Kaduna,2023,LightGBM,2.78,2.134144379122375,1.4845533239587425,2.7837354342860072,1.2991821103272647,True,0.6495910551636324
4,Kaduna,2024,LightGBM,3.15,2.136991725446533,1.4874006702829008,2.7865827806101655,1.2991821103272647,False,0.6495910551636324
4,Kwara,2020,LightGBM,1.96,2.3755974988225623,1.72600644365893,3.0251885539861947,1.2991821103272647,True,0.6495910551636324
4,Kwara,2021,LightGBM,1.96,2.428575630712527,1.7789845755488947,3.0781666858761594,1.2991821103272647,True,0.6495910551636324
4,Kwara,2022,LightGBM,2.09,2.327547949435728,1.6779568942720955,2.97713900459936,1.2991821103272647,True,0.6495910551636324
4,Kwara,2023,LightGBM,2.13,2.499845319546343,1.8502542643827105,3.149436374709975,1.2991821103272647,True,0.6495910551636324
4,Kwara,2024,LightGBM,2.18,2.457186458240075,1.8075954030764425,3.1067775134037072,1.2991821103272647,True,0.6495910551636324
4,Ondo,2020,LightGBM,2.5,1.8620493859407303,1.212458330777098,2.5116404411043627,1.2991821103272647,True,0.6495910551636324
4,Ondo,2021,LightGBM,2.48,1.9636320765718907,1.3140410214082583,2.613223131735523,1.2991821103272647,True,0.6495910551636324
4,Ondo,2022,LightGBM,2.65,2.0901607698899745,1.440569714726342,2.739751825053607,1.2991821103272647,True,0.6495910551636324
4,Ondo,2023,LightGBM,2.71,2.1235009174277475,1.4739098622641151,2.77309197259138,1.2991821103272647,True,0.6495910551636324
4,Ondo,2024,LightGBM,2.78,2.0741595335701732,1.4245684784065409,2.7237505887338056,1.2991821103272647,False,0.6495910551636324
4,Sokoto,2020,LightGBM,2.68,2.164857775431577,1.5152667202679448,2.8144488305952096,1.2991821103272647,True,0.6495910551636324
4,Sokoto,2021,LightGBM,2.54,2.3933695742258747,1.7437785190622423,3.042960629389507,1.2991821103272647,True,0.6495910551636324
4,Sokoto,2022,LightGBM,2.31,2.189468012586818,1.5398769574231856,2.8390590677504504,1.2991821103272647,True,0.6495910551636324
4,Sokoto,2023,LightGBM,2.35,2.126178383901688,1.4765873287380558,2.7757694390653205,1.2991821103272647,True,0.6495910551636324
4,Sokoto,2024,LightGBM,2.4,2.150928950365376,1.5013378952017438,2.8005200055290085,1.2991821103272647,True,0.6495910551636324
5,Akwa Ibom,2020,Ridge,1.09,1.996109148820301,1.2134593256330992,2.7787589720075028,1.5652996463744036,False,0.7826498231872019
5,Akwa Ibom,2021,Ridge,1.1,1.9916600476265067,1.2090102244393048,2.774309870813709,1.565299646374404,False,0.7826498231872019
5,Akwa Ibom,2022,Ridge,1.21,2.014689825169352,1.2320400019821502,2.7973396483565542,1.565299646374404,False,0.7826498231872019
5,Akwa Ibom,2023,Ridge,1.24,2.0060440201799485,1.2233941969927467,2.7886938433671506,1.565299646374404,True,0.7826498231872019
5,Akwa Ibom,2024,Ridge,1.27,2.004392118695799,1.2217422955085973,2.7870419418830013,1.565299646374404,True,0.7826498231872019
5,Borno,2020,Ridge,1.68,2.322916849727665,1.540267026540463,3.1055666729148665,1.5652996463744036,True,0.7826498231872019
5,Borno,2021,Ridge,1.62,2.335656041518937,1.553006218331735,3.118305864706139,1.565299646374404,True,0.7826498231872019
5,Borno,2022,Ridge,1.87,2.298955685182655,1.516305861995453,3.081605508369857,1.565299646374404,True,0.7826498231872019
5,Borno,2023,Ridge,1.91,2.3416336358497807,1.5589838126625788,3.124283459036983,1.565299646374404,True,0.7826498231872019
5,Borno,2024,Ridge,1.63,2.275337994817574,1.4926881716303722,3.0579878180047757,1.5652996463744036,True,0.7826498231872019
5,Ekiti,2020,Ridge,1.8,2.0934674588728672,1.3108176356856653,2.8761172820600693,1.565299646374404,True,0.7826498231872019
5,Ekiti,2021,Ridge,1.84,2.0679696162571877,1.2853197930699858,2.8506194394443893,1.5652996463744036,True,0.7826498231872019
5,Ekiti,2022,Ridge,1.96,2.074960361391153,1.292310538203951,2.8576101845783546,1.5652996463744036,True,0.7826498231872019
5,Ekiti,2023,Ridge,2.0,2.0765481785701363,1.2938983553829344,2.8591980017573384,1.565299646374404,True,0.7826498231872019
5,Ekiti,2024,Ridge,2.06,2.0977026829881105,1.3150528598009086,2.8803525061753126,1.565299646374404,True,0.7826498231872019
5,Jigawa,2020,Ridge,1.79,2.477784937747021,1.6951351145598192,3.2604347609342232,1.565299646374404,True,0.7826498231872019
5,Jigawa,2021,Ridge,1.83,2.3004186726690254,1.5177688494818236,3.083068495856227,1.5652996463744036,True,0.7826498231872019
5,Jigawa,2022,Ridge,1.93,2.513339819429423,1.7306899962422213,3.2959896426166253,1.565299646374404,True,0.7826498231872019
5,Jigawa,2023,Ridge,1.97,2.44474405416084,1.662094230973638,3.2273938773480415,1.5652996463744036,True,0.7826498231872019
5,Jigawa,2024,Ridge,2.03,2.3932006696758252,1.6105508464886233,3.1758504928630273,1.565299646374404,True,0.7826498231872019
5,Kogi,2020,Ridge,2.39,2.2834643942005224,1.5008145710133205,3.0661142173877245,1.565299646374404,True,0.7826498231872019
5,Kogi,2021,Ridge,2.47,2.243853125335727,1.461203302148525,3.0265029485229284,1.5652996463744036,True,0.7826498231872019
5,Kogi,2022,Ridge,2.67,2.254679106329415,1.472029283142213,3.037328929516617,1.565299646374404,True,0.7826498231872019
5,Kogi,2023,Ridge,2.73,2.268837723230543,1.4861879000433411,3.0514875464177447,1.5652996463744036,True,0.7826498231872019
5,Kogi,2024,Ridge,2.79,2.3341568162469053,1.5515069930597034,3.116806639434107,1.5652996463744036,True,0.7826498231872019
5,Ogun,2020,Ridge,2.05,2.1056438392297063,1.3229940160425044,2.888293662416908,1.5652996463744036,True,0.7826498231872019
5,Ogun,2021,Ridge,2.06,2.066229780059475,1.2835799568722732,2.8488796032466768,1.5652996463744036,True,0.7826498231872019
5,Ogun,2022,Ridge,2.26,2.089849441727787,1.307199618540585,2.872499264914989,1.565299646374404,True,0.7826498231872019
5,Ogun,2023,Ridge,2.31,2.0909591622893604,1.3083093391021585,2.8736089854765625,1.565299646374404,True,0.7826498231872019
5,Ogun,2024,Ridge,2.37,2.090357600928968,1.307707777741766,2.87300742411617,1.565299646374404,True,0.7826498231872019
5,Rivers,2020,Ridge,2.15,2.2652254766288586,1.4825756534416568,3.0478752998160603,1.5652996463744036,True,0.7826498231872019
5,Rivers,2021,Ridge,2.12,2.2308725336067403,1.4482227104195384,3.013522356793942,1.5652996463744036,True,0.7826498231872019
5,Rivers,2022,Ridge,2.26,2.275086278909437,1.492436455722235,3.057736102096639,1.565299646374404,True,0.7826498231872019
5,Rivers,2023,Ridge,2.3,2.2706012021889013,1.4879513790016994,3.0532510253761034,1.565299646374404,True,0.7826498231872019
5,Rivers,2024,Ridge,2.37,2.2782204911847135,1.4955706679975116,3.0608703143719156,1.565299646374404,True,0.7826498231872019
5,Akwa Ibom,2020,RandomForest,1.09,1.8864638358863366,1.1308483837458847,2.6420792880267885,1.5112309042809038,False,0.7556154521404519
5,Akwa Ibom,2021,RandomForest,1.1,1.7453871884596883,0.9897717363192364,2.50100264060014,1.5112309042809038,True,0.7556154521404519
5,Akwa Ibom,2022,RandomForest,1.21,1.82182401024901,1.066208558108558,2.577439462389462,1.5112309042809038,True,0.7556154521404519
5,Akwa Ibom,2023,RandomForest,1.24,1.701976037666038,0.9463605855255861,2.45759148980649,1.5112309042809038,True,0.7556154521404519
5,Akwa Ibom,2024,RandomForest,1.27,1.840442497594997,1.084827045454545,2.5960579497354486,1.5112309042809036,True,0.7556154521404519
5,Borno,2020,RandomForest,1.68,2.4443940343915345,1.6887785822510826,3.2000094865319864,1.5112309042809038,False,0.7556154521404519
5,Borno,2021,RandomForest,1.62,2.413550757575759,1.657935305435307,3.1691662097162108,1.5112309042809038,False,0.7556154521404519
5,Borno,2022,RandomForest,1.87,2.380758142135643,1.625142689995191,3.136373594276095,1.5112309042809038,True,0.7556154521404519
5,Borno,2023,RandomForest,1.91,2.7677386964886965,2.0121232443482446,3.5233541486291484,1.5112309042809038,False,0.7556154521404519
5,Borno,2024,RandomForest,1.63,2.6939113828763834,1.9382959307359315,3.4495268350168353,1.5112309042809038,False,0.7556154521404519
5,Ekiti,2020,RandomForest,1.8,2.530856892736891,1.7752414405964392,3.286472344877343,1.5112309042809038,True,0.7556154521404519
5,Ekiti,2021,RandomForest,1.84,2.513761447811447,1.7581459956709953,3.269376899951899,1.5112309042809038,True,0.7556154521404519
5,Ekiti,2022,RandomForest,1.96,2.4949590043290035,1.7393435521885516,3.2505744564694554,1.5112309042809038,True,0.7556154521404519
5,Ekiti,2023,RandomForest,2.0,2.515309870129871,1.7596944179894192,3.270925322270323,1.5112309042809038,True,0.7556154521404519
5,Ekiti,2024,RandomForest,2.06,2.597813702501203,1.842198250360751,3.353429154641655,1.5112309042809038,True,0.7556154521404519
5,Jigawa,2020,RandomForest,1.79,2.3528471187146205,1.5972316665741686,3.1084625708550724,1.5112309042809038,True,0.7556154521404519
5,Jigawa,2021,RandomForest,1.83,2.440866509879011,1.6852510577385593,3.196481962019463,1.5112309042809038,True,0.7556154521404519
5,Jigawa,2022,RandomForest,1.93,2.162831223406225,1.407215771265773,2.9184466755466767,1.5112309042809038,True,0.7556154521404519
5,Jigawa,2023,RandomForest,1.97,2.7307022017797027,1.9750867496392508,3.4863176539201546,1.5112309042809038,False,0.7556154521404519
5,Jigawa,2024,RandomForest,2.03,2.3910543163318176,1.6354388641913657,3.1466697684722695,1.5112309042809038,True,0.7556154521404519
5,Kogi,2020,RandomForest,2.39,2.4970896753246747,1.7414742231842228,3.2527051274651266,1.5112309042809038,True,0.7556154521404519
5,Kogi,2021,RandomForest,2.47,2.5190268783068785,1.7634114261664267,3.2746423304473304,1.5112309042809038,True,0.7556154521404519
5,Kogi,2022,RandomForest,2.67,2.2495216762866757,1.4939062241462238,3.0051371284271275,1.5112309042809038,True,0.7556154521404519
5,Kogi,2023,RandomForest,2.73,2.5167334126984127,1.7611179605579608,3.2723488648388646,1.5112309042809038,True,0.7556154521404519
5,Kogi,2024,RandomForest,2.79,2.803692251082252,2.0480767989418003,3.559307703222704,1.5112309042809038,True,0.7556154521404519
5,Ogun,2020,RandomForest,2.05,1.885892893217894,1.130277441077442,2.641508345358346,1.5112309042809038,True,0.7556154521404519
5,Ogun,2021,RandomForest,2.06,1.9844951730676712,1.2288797209272193,2.740110625208123,1.5112309042809038,True,0.7556154521404519
5,Ogun,2022,RandomForest,2.26,2.2101184547859556,1.4545030026455037,2.9657339069264075,1.5112309042809038,True,0.7556154521404519
5,Ogun,2023,RandomForest,2.31,1.978595219965218,1.222979767824766,2.73421067210567,1.5112309042809038,True,0.7556154521404519
5,Ogun,2024,RandomForest,2.37,2.195363944666444,1.4397484925259922,2.950979396806896,1.5112309042809038,True,0.7556154521404519
5,Rivers,2020,RandomForest,2.15,2.116322757797758,1.3607073056573062,2.87193820993821,1.5112309042809038,True,0.7556154521404519
5,Rivers,2021,RandomForest,2.12,2.0692487210012214,1.3136332688607695,2.8248641731416733,1.5112309042809038,True,0.7556154521404519
5,Rivers,2022,RandomForest,2.26,2.0672839879564875,1.3116685358160356,2.8228994400969394,1.5112309042809038,True,0.7556154521404519
5,Rivers,2023,RandomForest,2.3,2.0503128239353234,1.2946973717948715,2.8059282760757753,1.5112309042809038,True,0.7556154521404519
5,Rivers,2024,RandomForest,2.37,1.7844604521404521,1.0288450000000002,2.5400759042809042,1.511230904280904,True,0.7556154521404519
5,Akwa Ibom,2020,LightGBM,1.09,1.8449888857144148,1.09585685481646,2.5941209166123693,1.4982640617959093,False,0.7491320308979548
5,Akwa Ibom,2021,LightGBM,1.1,1.7538742375485514,1.0047422066505967,2.503006268446506,1.4982640617959093,True,0.7491320308979548
5,Akwa Ibom,2022,LightGBM,1.21,1.8676017588074318,1.118469727909477,2.6167337897053864,1.4982640617959093,True,0.7491320308979548
5,Akwa Ibom,2023,LightGBM,1.24,1.6916686536448564,0.9425366227469016,2.440800684542811,1.4982640617959095,True,0.7491320308979548
5,Akwa Ibom,2024,LightGBM,1.27,1.9010124233449979,1.151880392447043,2.6501444542429526,1.4982640617959095,True,0.7491320308979548
5,Borno,2020,LightGBM,1.68,2.2605100965180336,1.5113780656200788,3.0096421274159884,1.4982640617959095,True,0.7491320308979548
5,Borno,2021,LightGBM,1.62,2.314415097168317,1.565283066270362,3.0635471280662716,1.4982640617959095,True,0.7491320308979548
5,Borno,2022,LightGBM,1.87,2.0099257276336235,1.2607936967356688,2.7590577585315783,1.4982640617959095,True,0.7491320308979548
5,Borno,2023,LightGBM,1.91,2.3504040983996237,1.601272067501669,3.0995361292975785,1.4982640617959095,True,0.7491320308979548
5,Borno,2024,LightGBM,1.63,2.2501614802048766,1.5010294493069218,2.9992935111028314,1.4982640617959095,True,0.7491320308979548
5,Ekiti,2020,LightGBM,1.8,2.4387251796476397,1.689593148749685,3.1878572105455945,1.4982640617959095,True,0.7491320308979548
5,Ekiti,2021,LightGBM,1.84,2.467935768094955,1.7188037371970002,3.2170677989929097,1.4982640617959095,True,0.7491320308979548
5,Ekiti,2022,LightGBM,1.96,2.647474118843449,1.8983420879454944,3.396606149741404,1.4982640617959095,True,0.7491320308979548
5,Ekiti,2023,LightGBM,2.0,2.4807507218845934,1.7316186909866387,3.229882752782548,1.4982640617959095,True,0.7491320308979548
5,Ekiti,2024,LightGBM,2.06,2.7587842781116882,2.0096522472137335,3.507916309009643,1.4982640617959095,True,0.7491320308979548
5,Jigawa,2020,LightGBM,1.79,2.360770359810689,1.611638328912734,3.1099023907086436,1.4982640617959095,True,0.7491320308979548
5,Jigawa,2021,LightGBM,1.83,2.454933857142233,1.705801826244278,3.2040658880401875,1.4982640617959095,True,0.7491320308979548
5,Jigawa,2022,LightGBM,1.93,2.1604075168975663,1.4112754859996115,2.909539547795521,1.4982640617959095,True,0.7491320308979548
5,Jigawa,2023,LightGBM,1.97,2.396552275407205,1.64742024450925,3.1456843063051596,1.4982640617959095,True,0.7491320308979548
5,Jigawa,2024,LightGBM,2.03,2.2471400808454,1.4980080499474453,2.996272111743355,1.4982640617959095,True,0.7491320308979548
5,Kogi,2020,LightGBM,2.39,2.422788269602938,1.6736562387049831,3.1719203005008927,1.4982640617959095,True,0.7491320308979548
5,Kogi,2021,LightGBM,2.47,2.454670433687969,1.705538402790014,3.2038024645859235,1.4982640617959095,True,0.7491320308979548
5,Kogi,2022,LightGBM,2.67,2.2818670281001516,1.5327349972021969,3.0309990589981064,1.4982640617959095,True,0.7491320308979548
5,Kogi,2023,LightGBM,2.73,2.4134434052687,1.6643113743707452,3.1625754361666547,1.4982640617959095,True,0.7491320308979548
5,Kogi,2024,LightGBM,2.79,2.7239590290809224,1.9748269981829676,3.473091059978877,1.4982640617959095,True,0.7491320308979548
5,Ogun,2020,LightGBM,2.05,1.935911313174099,1.1867792822761443,2.685043344072054,1.4982640617959095,True,0.7491320308979548
5,Ogun,2021,LightGBM,2.06,2.045474275391998,1.2963422444940433,2.794606306289953,1.4982640617959095,True,0.7491320308979548
5,Ogun,2022,LightGBM,2.26,2.080738037658827,1.3316060067608722,2.8298700685567817,1.4982640617959095,True,0.7491320308979548
5,Ogun,2023,LightGBM,2.31,2.0649915027577843,1.3158594718598295,2.814123533655739,1.4982640617959095,True,0.7491320308979548
5,Ogun,2024,LightGBM,2.37,2.215056626122137,1.4659245952241822,2.9641886570200917,1.4982640617959095,True,0.7491320308979548
5,Rivers,2020,LightGBM,2.15,2.2832729741896873,1.5341409432917326,3.032405005087642,1.4982640617959095,True,0.7491320308979548
5,Rivers,2021,LightGBM,2.12,2.262067521808768,1.512935490910813,3.0111995527067226,1.4982640617959095,True,0.7491320308979548
5,Rivers,2022,LightGBM,2.26,2.1839345570238837,1.434802526125929,2.9330665879218385,1.4982640617959095,True,0.7491320308979548
5,Rivers,2023,LightGBM,2.3,2.169625889962891,1.420493859064936,2.9187579208608456,1.4982640617959095,True,0.7491320308979548
5,Rivers,2024,LightGBM,2.37,1.9091963505239784,1.1600643196260236,2.658328381421933,1.4982640617959095,True,0.7491320308979548
