State,Geopolitical_Zone,Year,Yield_MT_Ha,Source_Report,Source_Table,Season_Group,Seasonal_Rainfall_mm,Seasonal_GDD_C,Max_CDD_days,Mean_Tmax_C,Mean_Tmin_C,Mean_RH_pct,Mean_Solar_Radiation_MJ_m2_day,Rainfall_Anomaly_Z_2000_2019,Weather_Valid_Days,Weather_Total_Days,Rainfall_Flag
Abia,South East,2020,1.46,NAERLS Agricultural Performance Survey 2021,Table 11.2,South,2008.66,4451.275,14,29.3248,23.04810909090909,88.14436363636365,16.229454545454548,0.4240398662678058,275,275,ok
Abia,South East,2021,1.24,NAERLS Agricultural Performance Survey 2021,Table 11.2,South,1825.67,4447.725,10,29.187018181818186,23.160072727272727,88.67767272727274,15.99338181818182,0.0469978660280299,275,275,ok
Abia,South East,2022,1.35,NAERLS Agricultural Performance Survey 2023,Table 12.2,South,1477.87,4437.709999999999,12,29.30912727272728,22.96512727272728,87.75738181818181,15.806545454545452,-0.6696271281432037,275,275,ok
Abia,South East,2023,1.38,NAERLS Agricultural Performance Survey 2023,Table 12.2,South,1447.29,4529.725,6,29.38352727272727,23.559927272727275,88.9818909090909,15.72330909090909,-0.7326357317135213,275,275,ok
Abia,South East,2024,1.42,Agricultural Productivity Survey 2024,Table 12.2,South,1356.55,4627.7,23,30.031090909090903,23.62490909090909,87.19501818181817,15.994727272727271,-0.9196010910323762,275,275,ok
Adamawa,North East,2020,2.17,NAERLS Agricultural Performance Survey 2021,Table 11.2,North,840.9300000000001,3048.325,7,30.770217391304342,22.363750000000003,77.9875,19.307717391304347,-0.0167498342235269,184,184,ok
Adamawa,North East,2021,2.18,NAERLS Agricultural Performance Survey 2021,Table 11.2,North,885.8799999999999,3097.5200000000004,5,30.935597826086955,22.733097826086954,77.65951086956522,19.328750000000003,0.3537743037427714,184,184,ok
Adamawa,North East,2022,2.27,NAERLS Agricultural Performance Survey 2023,Table 12.2,North,1069.08,2899.4700000000003,11,29.452228260869564,22.06375,82.83494565217391,18.905054347826084,1.8638971530292263,184,184,ok
Adamawa,North East,2023,2.31,NAERLS Agricultural Performance Survey 2023,Table 12.2,North,482.38,3532.025,15,34.15956521739131,24.23201086956522,64.68429347826087,19.35760869565217,-2.9722877578679507,184,184,ok
Adamawa,North East,2024,2.38,Agricultural Productivity Survey 2024,Table 12.2,North,904.24,3318.585,12,32.40342391304348,23.668152173913047,72.47163043478261,18.33570652173913,0.5051163098175504,184,184,ok
Akwa Ibom,South South,2020,1.09,NAERLS Agricultural Performance Survey 2021,Table 11.2,South,2953.3,4527.895,6,29.11032727272727,23.81981818181818,88.35538181818181,16.229454545454548,0.2445586676880186,275,275,very_high
Akwa Ibom,South South,2021,1.1,NAERLS Agricultural Performance Survey 2021,Table 11.2,South,2363.69,4522.715,10,29.026000000000003,23.86647272727273,88.68883636363637,15.99338181818182,-0.915962992805849,275,275,ok
Akwa Ibom,South South,2022,1.21,NAERLS Agricultural Performance Survey 2023,Table 12.2,South,3267.34,4497.98,9,28.999054545454545,23.71352727272727,88.49356363636363,15.806545454545452,0.8626794971540964,275,275,very_high
Akwa Ibom,South South,2023,1.24,NAERLS Agricultural Performance Survey 2023,Table 12.2,South,2374.96,4585.145,3,29.10352727272727,24.242981818181818,89.3528,15.72330909090909,-0.8937803990340917,275,275,ok
Akwa Ibom,South South,2024,1.27,Agricultural Productivity Survey 2024,Table 12.2,South,1869.09,4694.005000000001,18,29.75338181818182,24.384836363636364,87.72872727272728,15.994727272727271,-1.8894777114847496,275,275,ok
Anambra,South East,2020,1.96,NAERLS Agricultural Performance Survey 2021,Table 11.2,South,2209.44,4440.435,11,29.250690909090903,23.043381818181818,87.63425454545454,17.070800000000002,0.9672548710028384,275,275,ok
Anambra,South East,2021,1.99,NAERLS Agricultural Performance Survey 2021,Table 11.2,South,2162.34,4433.014999999999,10,29.016872727272727,23.223236363636364,88.82174545454546,16.93858181818182,0.8779268269870816,275,275,ok
Anambra,South East,2022,2.12,NAERLS Agricultural Performance Survey 2023,Table 12.2,South,1429.84,4430.95,14,29.22610909090909,22.99898181818181,87.20010909090908,16.301781818181816,-0.5113044307951118,275,275,ok
Anambra,South East,2023,2.17,NAERLS Agricultural Performance Survey 2023,Table 12.2,South,1587.33,4537.595,8,29.387600000000003,23.61309090909091,88.52974545454545,16.616436363636364,-0.2126149689683303,275,275,ok
Anambra,South East,2024,2.23,Agricultural Productivity Survey 2024,Table 12.2,South,1347.01,4641.875,21,30.05850909090909,23.700581818181817,86.4098909090909,16.76098181818182,-0.6683966152075341,275,275,ok
Bauchi,North East,2020,1.84,NAERLS Agricultural Performance Survey 2021,Table 11.2,North,1338.38,2857.49,16,29.895434782608696,21.164239130434783,79.14635869565218,19.908967391304348,3.3144213928728363,184,184,ok
Bauchi,North East,2021,1.89,NAERLS Agricultural Performance Survey 2021,Table 11.2,North,3158.65,2917.545,7,29.966413043478266,21.746032608695653,79.24277173913043,20.37092391304348,12.587090836517508,184,184,very_high
Bauchi,North East,2022,1.53,NAERLS Agricultural Performance Survey 2023,Table 12.2,North,1997.89,2784.585,11,29.248695652173915,21.01853260869565,80.89706521739132,19.61842391304348,6.674042891209951,184,184,ok
Bauchi,North East,2023,1.56,NAERLS Agricultural Performance Survey 2023,Table 12.2,North,515.3399999999999,3288.375,14,33.11086956521739,22.632336956521737,67.03826086956522,20.07690217391304,-0.878241156582634,184,184,ok
Bauchi,North East,2024,1.6,Agricultural Productivity Survey 2024,Table 12.2,North,1085.11,3200.24,16,31.968804347826087,22.816413043478263,71.98304347826088,19.371358695652173,2.0242342283357715,184,184,ok
Bayelsa,South South,2020,1.59,NAERLS Agricultural Performance Survey 2021,Table 11.2,South,3406.75,4505.755,11,29.097927272727272,23.6712,89.69930909090908,14.835854545454543,1.8096273724998884,275,275,very_high
Bayelsa,South South,2021,1.52,NAERLS Agricultural Performance Survey 2021,Table 11.2,South,3166.61,4504.844999999999,10,28.9708,23.79170909090909,90.18509090909092,14.8272,1.4370764234858904,275,275,very_high
Bayelsa,South South,2022,1.59,NAERLS Agricultural Performance Survey 2023,Table 12.2,South,1958.96,4498.56,8,29.092436363636363,23.62436363636364,89.43894545454545,14.540981818181818,-0.4364604865530657,275,275,ok
Bayelsa,South South,2023,1.62,NAERLS Agricultural Performance Survey 2023,Table 12.2,South,1741.0300000000002,4588.27,7,29.23770909090909,24.131527272727272,90.12861818181818,14.32669090909091,-0.7745550493856657,275,275,ok
Bayelsa,South South,2024,1.67,Agricultural Productivity Survey 2024,Table 12.2,South,1882.98,4720.065,21,29.968800000000005,24.358945454545456,88.53152727272726,14.644981818181815,-0.5543351476094643,275,275,ok
Benue,North Central,2020,2.35,NAERLS Agricultural Performance Survey 2021,Table 11.2,Middle,1077.63,3520.465,8,29.90981308411215,22.99172897196262,83.98392523364487,17.57481308411215,-0.3719784151496503,214,214,ok
Benue,North Central,2021,2.36,NAERLS Agricultural Performance Survey 2021,Table 11.2,Middle,1066.51,3610.035,11,30.42990654205608,23.308738317757008,82.51841121495326,17.50915887850467,-0.4061902580886742,214,214,ok
Benue,North Central,2022,2.48,NAERLS Agricultural Performance Survey 2023,Table 12.2,Middle,1643.8200000000002,3438.155,11,29.182850467289725,22.94943925233645,86.46691588785046,16.532897196261683,1.3699643324803616,214,214,ok
Benue,North Central,2023,2.53,NAERLS Agricultural Performance Survey 2023,Table 12.2,Middle,745.6300000000001,3727.67,14,31.002336448598133,23.83570093457944,81.90331775700933,17.312803738317754,-1.3934111359910004,214,214,ok
Benue,North Central,2024,2.59,Agricultural Productivity Survey 2024,Table 12.2,Middle,963.15,3758.71,8,31.120794392523365,24.007336448598124,81.08780373831776,17.053878504672895,-0.7241881075650654,214,214,ok
Borno,North East,2020,1.68,NAERLS Agricultural Performance Survey 2021,Table 11.2,North,529.66,3579.05,17,34.959184782608695,23.94353260869565,60.00913043478261,20.229565217391304,0.0001414517490819,184,184,ok
Borno,North East,2021,1.62,NAERLS Agricultural Performance Survey 2021,Table 11.2,North,444.0,3616.16,18,35.38483695652174,23.92125,58.33581521739131,20.57766304347826,-0.6730117052741862,184,184,ok
Borno,North East,2022,1.87,NAERLS Agricultural Performance Survey 2023,Table 12.2,North,474.13,3559.015,34,34.8529347826087,23.832010869565217,60.34652173913042,19.990163043478265,-0.4362371941708582,184,184,ok
Borno,North East,2023,1.91,NAERLS Agricultural Performance Survey 2023,Table 12.2,North,340.79,3939.35,25,37.37739130434783,25.44163043478261,50.64021739130435,20.01744565217391,-1.4840803176530275,184,184,ok
Borno,North East,2024,1.63,Agricultural Productivity Survey 2024,Table 12.2,North,583.16,3727.105,29,35.42760869565217,25.08440217391305,58.93391304347826,19.25429347826087,0.4205674837447025,184,184,ok
Cross River,South South,2020,1.75,NAERLS Agricultural Performance Survey 2021,Table 11.2,South,2953.3,4527.895,6,29.11032727272727,23.81981818181818,88.35538181818181,14.413163636363636,0.2445586676880186,275,275,very_high
Cross River,South South,2021,1.86,NAERLS Agricultural Performance Survey 2021,Table 11.2,South,2363.69,4522.715,10,29.026000000000003,23.86647272727273,88.68883636363637,14.988945454545457,-0.915962992805849,275,275,ok
Cross River,South South,2022,1.61,NAERLS Agricultural Performance Survey 2023,Table 12.2,South,3267.34,4497.98,9,28.999054545454545,23.71352727272727,88.49356363636363,14.366872727272726,0.8626794971540964,275,275,very_high
Cross River,South South,2023,1.65,NAERLS Agricultural Performance Survey 2023,Table 12.2,South,2374.96,4585.145,3,29.10352727272727,24.242981818181818,89.3528,14.16669090909091,-0.8937803990340917,275,275,ok
Cross River,South South,2024,1.69,Agricultural Productivity Survey 2024,Table 12.2,South,1869.09,4694.005000000001,18,29.75338181818182,24.384836363636364,87.72872727272728,14.285345454545457,-1.8894777114847496,275,275,ok
Delta,South South,2020,2.02,NAERLS Agricultural Performance Survey 2021,Table 11.2,South,2209.44,4440.435,11,29.250690909090903,23.043381818181818,87.63425454545454,16.51316363636364,0.9672548710028384,275,275,ok
Delta,South South,2021,2.0,NAERLS Agricultural Performance Survey 2021,Table 11.2,South,2162.34,4433.014999999999,10,29.016872727272727,23.223236363636364,88.82174545454546,16.543636363636363,0.8779268269870816,275,275,ok
Delta,South South,2022,1.99,NAERLS Agricultural Performance Survey 2023,Table 12.2,South,1429.84,4430.95,14,29.22610909090909,22.99898181818181,87.20010909090908,15.91301818181818,-0.5113044307951118,275,275,ok
Delta,South South,2023,2.03,NAERLS Agricultural Performance Survey 2023,Table 12.2,South,1587.33,4537.595,8,29.387600000000003,23.61309090909091,88.52974545454545,16.094145454545455,-0.2126149689683303,275,275,ok
Delta,South South,2024,2.09,Agricultural Productivity Survey 2024,Table 12.2,South,1347.01,4641.875,21,30.05850909090909,23.700581818181817,86.4098909090909,16.385490909090908,-0.6683966152075341,275,275,ok
Ebonyi,South East,2020,1.82,NAERLS Agricultural Performance Survey 2021,Table 11.2,South,1248.7199999999998,4596.469999999999,19,30.334036363636365,23.094836363636364,83.32458181818181,17.43770909090909,-0.7615284344474759,275,275,ok
Ebonyi,South East,2021,1.83,NAERLS Agricultural Performance Survey 2021,Table 11.2,South,769.45,4656.77,10,30.56821818181817,23.299200000000003,83.18792727272728,17.348618181818182,-1.8505542124476384,275,275,ok
Ebonyi,South East,2022,1.74,NAERLS Agricultural Performance Survey 2023,Table 12.2,South,1074.2,4660.165,27,30.774472727272727,23.11763636363636,81.36676363636364,16.68138181818182,-1.1580831505294091,275,275,ok
Ebonyi,South East,2023,1.78,NAERLS Agricultural Performance Survey 2023,Table 12.2,South,791.36,4805.745,10,31.068763636363634,23.88210909090909,82.44301818181818,17.042,-1.8007690082913514,275,275,ok
Ebonyi,South East,2024,1.83,Agricultural Productivity Survey 2024,Table 12.2,South,903.47,4949.355,32,31.96454545454545,24.03076363636364,78.39523636363637,17.160509090909088,-1.546026003363861,275,275,ok
Edo,South South,2020,1.52,NAERLS Agricultural Performance Survey 2021,Table 11.2,South,2079.9,4389.219999999999,11,29.007563636363635,22.914036363636363,90.15025454545454,15.870727272727272,0.6779554494747,275,275,ok
Edo,South South,2021,1.48,NAERLS Agricultural Performance Survey 2021,Table 11.2,South,2253.9,4388.07,11,28.71949090909091,23.193745454545454,91.45414545454544,16.033018181818182,0.990670086989821,275,275,ok
Edo,South South,2022,2.26,NAERLS Agricultural Performance Survey 2023,Table 12.2,South,1652.4699999999998,4373.27,14,28.87414545454545,22.931454545454542,90.15778181818182,15.479527272727276,-0.0902262603706349,275,275,ok
Edo,South South,2023,2.3,NAERLS Agricultural Performance Survey 2023,Table 12.2,South,1627.1,4491.344999999999,5,29.14454545454545,23.51978181818182,91.03549090909092,15.572254545454545,-0.1358214922887876,275,275,ok
Edo,South South,2024,2.37,Agricultural Productivity Survey 2024,Table 12.2,South,1355.78,4583.435,12,29.72083636363637,23.613236363636364,89.4073090909091,15.766727272727271,-0.6234406615451246,275,275,ok
Ekiti,South West,2020,1.8,NAERLS Agricultural Performance Survey 2021,Table 11.2,South,1674.83,4131.280000000001,14,28.408036363636363,21.63763636363636,87.87240000000001,16.94941818181818,0.6307491994593836,275,275,ok
Ekiti,South West,2021,1.84,NAERLS Agricultural Performance Survey 2021,Table 11.2,South,2454.52,4160.120000000001,10,28.32523636363636,21.93018181818182,88.6116,16.92436363636364,3.3454149276912624,275,275,ok
Ekiti,South West,2022,1.96,NAERLS Agricultural Performance Survey 2023,Table 12.2,South,1935.77,4042.9,15,27.862654545454543,21.540254545454548,89.01807272727274,16.410981818181817,1.539270374701886,275,275,ok
Ekiti,South West,2023,2.0,NAERLS Agricultural Performance Survey 2023,Table 12.2,South,1991.3,4201.675,6,28.312,22.24563636363636,89.70890909090907,16.682509090909093,1.732610532827188,275,275,ok
Ekiti,South West,2024,2.06,Agricultural Productivity Survey 2024,Table 12.2,South,1356.8000000000002,4302.264999999999,20,29.06705454545454,22.22214545454545,86.85934545454545,16.821854545454546,-0.4765436240340352,275,275,ok
Enugu,South East,2020,1.82,NAERLS Agricultural Performance Survey 2021,Table 11.2,South,1624.71,4419.49,14,29.49672727272728,22.64501818181818,85.4033090909091,17.070800000000002,0.2313925871858051,275,275,ok
Enugu,South East,2021,1.88,NAERLS Agricultural Performance Survey 2021,Table 11.2,South,1266.25,4440.415000000001,10,29.43767272727273,22.856254545454544,86.45323636363636,16.93858181818182,-0.7147821240979515,275,275,ok
Enugu,South East,2022,2.08,NAERLS Agricultural Performance Survey 2023,Table 12.2,South,1203.27,4449.645,20,29.72407272727273,22.63698181818182,84.06698181818182,16.301781818181816,-0.8810212674239879,275,275,ok
Enugu,South East,2023,2.12,NAERLS Agricultural Performance Survey 2023,Table 12.2,South,1097.81,4586.5,9,29.97632727272727,23.380036363636364,85.26476363636363,16.616436363636364,-1.1593886865278906,275,275,ok
Enugu,South East,2024,2.18,Agricultural Productivity Survey 2024,Table 12.2,South,975.9,4722.129999999999,29,30.869672727272725,23.47309090909091,81.54152727272727,16.76098181818182,-1.4811767773960565,275,275,ok
FCT,North Central,2020,2.27,NAERLS Agricultural Performance Survey 2021,Table 11.2,Middle,1351.59,3289.0600000000004,11,29.09359813084112,21.645280373831778,83.91345794392525,17.96242990654206,0.5491280097315004,214,214,ok
FCT,North Central,2021,2.29,NAERLS Agricultural Performance Survey 2021,Table 11.2,Middle,1297.06,3421.295,11,29.86471962616822,22.11,80.99528037383179,18.48135514018692,0.3736606103634354,214,214,ok
FCT,North Central,2022,2.48,NAERLS Agricultural Performance Survey 2023,Table 12.2,Middle,1705.36,3226.32,16,28.59168224299065,21.56084112149533,85.18794392523364,17.31228971962617,1.68749408114981,214,214,ok
FCT,North Central,2023,2.53,NAERLS Agricultural Performance Survey 2023,Table 12.2,Middle,979.87,3536.7900000000004,10,30.488364485981304,22.5657476635514,81.15247663551402,18.32929906542056,-0.6469978236280662,214,214,ok
FCT,North Central,2024,2.6,Agricultural Productivity Survey 2024,Table 12.2,Middle,1154.31,3569.07,11,30.60518691588785,22.75060747663552,80.45640186915888,17.145467289719626,-0.0856823432362582,214,214,ok
Gombe,North East,2020,1.79,NAERLS Agricultural Performance Survey 2021,Table 11.2,North,1223.97,2917.48,16,29.91402173913044,21.797717391304342,81.48249999999999,19.93489130434783,1.8394671087077792,184,184,ok
Gombe,North East,2021,1.73,NAERLS Agricultural Performance Survey 2021,Table 11.2,North,2116.09,2998.59,7,30.202391304347824,22.390978260869566,80.56173913043477,20.23293478260869,6.35516627319359,184,184,ok
Gombe,North East,2022,1.77,NAERLS Agricultural Performance Survey 2023,Table 12.2,North,1999.82,2853.9350000000004,11,29.278260869565216,21.74277173913044,83.41086956521738,19.402282608695653,5.766635199061448,184,184,ok
Gombe,North East,2023,1.8,NAERLS Agricultural Performance Survey 2023,Table 12.2,North,741.76,3191.395,14,31.85722826086956,22.83184782608696,74.19826086956522,19.625,-0.6013651718225336,184,184,ok
Gombe,North East,2024,1.85,Agricultural Productivity Survey 2024,Table 12.2,North,1433.4500000000005,3255.21,16,31.93304347826087,23.44967391304348,73.95494565217392,19.025163043478265,2.8998050239842987,184,184,ok
Imo,South East,2020,2.42,NAERLS Agricultural Performance Survey 2021,Table 11.2,South,2503.75,4503.735000000001,11,29.527381818181816,23.227054545454543,88.37385454545453,16.229454545454548,1.1889697697778427,275,275,very_high
Imo,South East,2021,2.42,NAERLS Agricultural Performance Survey 2021,Table 11.2,South,2524.21,4493.635,10,29.31836363636364,23.36261818181818,89.1672,15.99338181818182,1.2247128384451134,275,275,very_high
Imo,South East,2022,2.36,NAERLS Agricultural Performance Survey 2023,Table 12.2,South,1574.03,4493.415,12,29.49570909090909,23.18367272727273,88.05512727272728,15.806545454545452,-0.4352260171886667,275,275,ok
Imo,South East,2023,2.41,NAERLS Agricultural Performance Survey 2023,Table 12.2,South,1735.31,4579.02,5,29.56218181818182,23.73978181818182,89.20345454545453,15.72330909090909,-0.1534742031780414,275,275,ok
Imo,South East,2024,2.48,Agricultural Productivity Survey 2024,Table 12.2,South,1603.58,4689.094999999999,21,30.22494545454545,23.87756363636364,87.54370909090908,15.994727272727271,-0.383602963468342,275,275,ok
Jigawa,North West,2020,1.79,NAERLS Agricultural Performance Survey 2021,Table 11.2,North,851.5999999999999,3321.045,16,33.74978260869566,22.348532608695653,68.13733695652174,20.467554347826084,1.679476415294946,184,184,ok
Jigawa,North West,2021,1.83,NAERLS Agricultural Performance Survey 2021,Table 11.2,North,1693.5699999999997,3304.925,32,33.43597826086957,22.48711956521739,68.0983695652174,21.41565217391304,6.489921299890317,184,184,ok
Jigawa,North West,2022,1.93,NAERLS Agricultural Performance Survey 2023,Table 12.2,North,718.69,3310.585,16,33.77864130434782,22.205978260869568,67.55021739130434,20.08516304347826,0.9201189208336584,184,184,ok
Jigawa,North West,2023,1.97,NAERLS Agricultural Performance Survey 2023,Table 12.2,North,343.38,3811.69,33,37.27913043478261,24.152282608695653,52.30978260869565,20.84434782608696,-1.2241475846683063,184,184,ok
Jigawa,North West,2024,2.03,Agricultural Productivity Survey 2024,Table 12.2,North,1018.26,3497.245,16,34.34570652173913,23.66782608695652,65.43054347826087,19.946739130434786,2.6316584935954377,184,184,ok
Kaduna,North West,2020,2.56,NAERLS Agricultural Performance Survey 2021,Table 11.2,North,2498.0,2570.3499999999995,12,27.51380434782609,20.42478260869565,86.65114130434782,18.71565217391305,3.734242709630624,184,184,ok
Kaduna,North West,2021,2.57,NAERLS Agricultural Performance Survey 2021,Table 11.2,North,5688.79,2663.585,6,28.111249999999995,20.84076086956522,85.2183152173913,19.411195652173912,13.207048700153434,184,184,very_high
Kaduna,North West,2022,2.73,NAERLS Agricultural Performance Survey 2023,Table 12.2,North,3217.49,2545.795,17,27.35760869565217,20.31407608695652,86.62646739130435,18.07858695652174,5.870262059735537,184,184,very_high
Kaduna,North West,2023,2.78,NAERLS Agricultural Performance Survey 2023,Table 12.2,North,1659.07,2768.665,13,28.909130434782607,21.185054347826085,83.20315217391304,19.297065217391303,1.243630312816888,184,184,ok
Kaduna,North West,2024,3.15,Agricultural Productivity Survey 2024,Table 12.2,North,1456.84,2800.6800000000003,9,29.12326086956521,21.31891304347826,82.87179347826087,17.654891304347824,0.6432506088992294,184,184,ok
Kano,North West,2020,2.7,NAERLS Agricultural Performance Survey 2021,Table 11.2,North,893.86,3296.535,16,33.73190217391304,22.1,68.94135869565218,21.42690217391304,1.802073747128026,184,184,ok
Kano,North West,2021,2.69,NAERLS Agricultural Performance Survey 2021,Table 11.2,North,1844.93,3265.01,16,33.40635869565217,22.08288043478261,69.32342391304348,22.39717391304348,7.356381438651374,184,184,ok
Kano,North West,2022,2.93,NAERLS Agricultural Performance Survey 2023,Table 12.2,North,734.81,3241.1,12,33.46190217391304,21.76744565217391,69.49967391304348,20.713478260869564,0.8732118985398156,184,184,ok
Kano,North West,2023,2.99,NAERLS Agricultural Performance Survey 2023,Table 12.2,North,341.01,3718.16,29,36.91141304347826,23.5033695652174,55.56364130434783,21.51934782608696,-1.4266044860816052,184,184,ok
Kano,North West,2024,3.08,Agricultural Productivity Survey 2024,Table 12.2,North,1001.38,3483.455,16,34.5625,23.301141304347823,65.6521195652174,20.282445652173912,2.4299972049098817,184,184,ok
Katsina,North West,2020,2.0,NAERLS Agricultural Performance Survey 2021,Table 11.2,North,1286.37,3047.695,22,31.075434782608696,22.051684782608696,73.52309782608695,20.7358695652174,5.668777987207091,184,184,ok
Katsina,North West,2021,1.94,NAERLS Agricultural Performance Survey 2021,Table 11.2,North,1784.42,3183.3,16,32.14059782608695,22.46048913043478,67.67728260869565,21.758967391304346,10.01523542342234,184,184,ok
Katsina,North West,2022,2.21,NAERLS Agricultural Performance Survey 2023,Table 12.2,North,1292.12,3019.4,24,31.03358695652174,21.78597826086957,72.87679347826086,20.36951086956521,5.71895794957681,184,184,ok
Katsina,North West,2023,2.26,NAERLS Agricultural Performance Survey 2023,Table 12.2,North,971.02,3287.665,29,32.88858695652174,22.846902173913044,65.37760869565217,21.052663043478265,2.916734311852252,184,184,ok
Katsina,North West,2024,2.44,Agricultural Productivity Survey 2024,Table 12.2,North,1290.86,3208.635,17,31.866684782608697,23.009782608695648,71.46581521739131,19.78010869565217,5.707961992605359,184,184,ok
Kebbi,North West,2020,1.99,NAERLS Agricultural Performance Survey 2021,Table 11.2,North,1098.97,3345.455,13,32.88293478260869,23.48070652173913,73.88619565217392,20.12972826086957,3.3367355138334545,184,184,ok
Kebbi,North West,2021,1.97,NAERLS Agricultural Performance Survey 2021,Table 11.2,North,920.31,3519.02,17,34.18869565217391,24.06152173913044,68.49184782608695,21.076467391304348,1.6241463189720584,184,184,ok
Kebbi,North West,2022,2.11,NAERLS Agricultural Performance Survey 2023,Table 12.2,North,975.8,3340.33,17,33.03179347826087,23.276141304347824,72.70076086956522,20.489239130434783,2.1560593068980567,184,184,ok
Kebbi,North West,2023,2.15,NAERLS Agricultural Performance Survey 2023,Table 12.2,North,720.83,3586.71,14,34.64554347826088,24.340434782608693,67.71929347826088,21.040978260869565,-0.2880180859924044,184,184,ok
Kebbi,North West,2024,2.15,Agricultural Productivity Survey 2024,Table 12.2,North,2129.96,3373.3050000000003,14,32.69858695652174,23.96777173913044,77.36255434782608,19.6483695652174,13.219542711920042,184,184,ok
Kogi,North Central,2020,2.39,NAERLS Agricultural Performance Survey 2021,Table 11.2,Middle,1339.9899999999998,3554.88,8,30.27598130841121,22.947196261682244,82.7826168224299,17.2361214953271,1.2647628343744417,214,214,ok
Kogi,North Central,2021,2.47,NAERLS Agricultural Performance Survey 2021,Table 11.2,Middle,1467.4700000000005,3608.24,10,30.40850467289719,23.31336448598131,82.64439252336449,17.35032710280374,1.8103261593704807,214,214,ok
Kogi,North Central,2022,2.67,NAERLS Agricultural Performance Survey 2023,Table 12.2,Middle,1208.4899999999998,3457.01,9,29.44831775700933,22.86018691588785,85.28700934579439,16.530467289719624,0.7019955199958812,214,214,ok
Kogi,North Central,2023,2.73,NAERLS Agricultural Performance Survey 2023,Table 12.2,Middle,1300.41,3649.315,10,30.4420093457944,23.663738317757005,84.13168224299065,16.909579439252333,1.0953762921455197,214,214,ok
Kogi,North Central,2024,2.79,Agricultural Productivity Survey 2024,Table 12.2,Middle,876.2099999999998,3787.005,7,31.41172897196261,23.98084112149533,80.40649532710282,16.695794392523368,-0.7200297516520892,214,214,ok
Kwara,North Central,2020,1.96,NAERLS Agricultural Performance Survey 2021,Table 11.2,Middle,1129.14,3347.15,10,29.38845794392524,21.893317757009346,84.41827102803738,17.28565420560748,0.0159723665127039,214,214,ok
Kwara,North Central,2021,1.96,NAERLS Agricultural Performance Survey 2021,Table 11.2,Middle,1451.07,3422.2700000000004,5,29.76336448598131,22.22046728971963,83.44364485981309,18.035046728971963,1.5131288525906397,214,214,ok
Kwara,North Central,2022,2.09,NAERLS Agricultural Performance Survey 2023,Table 12.2,Middle,1419.62,3283.9700000000003,6,28.89845794392524,21.79285046728972,85.27841121495327,16.998644859813083,1.3668685739985518,214,214,ok
Kwara,North Central,2023,2.13,NAERLS Agricultural Performance Survey 2023,Table 12.2,Middle,1382.36,3440.425,6,29.545327102803743,22.608177570093456,85.51214953271027,17.12728971962617,1.1935885110306277,214,214,ok
Kwara,North Central,2024,2.18,Agricultural Productivity Survey 2024,Table 12.2,Middle,1215.39,3515.295,13,30.14434579439252,22.7088785046729,83.5259813084112,16.815327102803735,0.417083623382899,214,214,ok
Lagos,South West,2020,1.61,NAERLS Agricultural Performance Survey 2021,Table 11.2,South,1482.8000000000002,4564.945,16,28.44832727272727,24.751272727272728,87.1172,16.371090909090906,0.1699421616178994,275,275,ok
Lagos,South West,2021,1.59,NAERLS Agricultural Performance Survey 2021,Table 11.2,South,1683.18,4635.68,12,28.58174545454545,25.132290909090912,86.66385454545456,16.417818181818184,0.8957792590589253,275,275,ok
Lagos,South West,2022,1.63,NAERLS Agricultural Performance Survey 2023,Table 12.2,South,1556.8,4555.825,10,28.33170909090909,24.80156363636364,86.98207272727272,15.912836363636362,0.4379925918536304,275,275,ok
Lagos,South West,2023,1.66,NAERLS Agricultural Performance Survey 2023,Table 12.2,South,1699.4199999999998,4688.085,5,28.716072727272728,25.37909090909091,87.29483636363636,16.04407272727273,0.9546054615863336,275,275,ok
Lagos,South West,2024,1.71,Agricultural Productivity Survey 2024,Table 12.2,South,1316.66,4739.834999999999,16,29.03090909090909,25.44061818181818,86.61469090909091,16.325090909090907,-0.4318672772924319,275,275,ok
Nasarawa,North Central,2020,2.91,NAERLS Agricultural Performance Survey 2021,Table 11.2,Middle,1003.25,3561.81,10,30.36845794392524,22.91948598130841,81.91602803738317,17.922429906542053,-0.0101489554872834,214,214,ok
Nasarawa,North Central,2021,2.69,NAERLS Agricultural Performance Survey 2021,Table 11.2,Middle,1309.91,3679.7800000000007,20,30.93126168224299,23.45920560747663,79.75967289719625,18.07626168224299,0.9824451091690752,214,214,ok
Nasarawa,North Central,2022,2.77,NAERLS Agricultural Performance Survey 2023,Table 12.2,Middle,1853.69,3427.59,16,29.23373831775701,22.799813084112152,85.63934579439253,17.14714953271028,2.7425468520727296,214,214,ok
Nasarawa,North Central,2023,2.83,NAERLS Agricultural Performance Survey 2023,Table 12.2,Middle,732.91,3883.0899999999992,14,32.209672897196256,24.08088785046729,76.32126168224299,17.813551401869162,-0.8851828022204732,214,214,ok
Nasarawa,North Central,2024,2.89,Agricultural Productivity Survey 2024,Table 12.2,Middle,1023.58,3821.105,16,31.623457943925235,24.08780373831776,78.61088785046731,17.359859813084114,0.0556549880803931,214,214,ok
Niger,North Central,2020,2.48,NAERLS Agricultural Performance Survey 2021,Table 11.2,Middle,1264.06,3610.925,11,30.65976635514018,23.08719626168224,80.98841121495329,17.92752336448598,0.463901577301283,214,214,ok
Niger,North Central,2021,2.71,NAERLS Agricultural Performance Survey 2021,Table 11.2,Middle,1391.2,3739.915,11,31.35107476635514,23.60140186915888,77.9722429906542,18.662196261682244,0.9555445973076616,214,214,ok
Niger,North Central,2022,3.44,NAERLS Agricultural Performance Survey 2023,Table 12.2,Middle,1145.23,3627.66,16,30.746028037383176,23.15733644859813,80.00023364485979,17.411308411214954,0.0043928462382195,214,214,ok
Niger,North Central,2023,3.51,NAERLS Agricultural Performance Survey 2023,Table 12.2,Middle,915.91,3799.580000000001,13,31.54911214953271,23.960981308411213,79.00640186915889,18.090934579439253,-0.8823743186812605,214,214,ok
Niger,North Central,2024,3.59,Agricultural Productivity Survey 2024,Table 12.2,Middle,908.71,3892.51,8,32.02266355140187,24.355934579439253,77.47570093457945,17.4807476635514,-0.910216301881244,214,214,ok
Ogun,South West,2020,2.05,NAERLS Agricultural Performance Survey 2021,Table 11.2,South,1593.81,4423.01,10,29.09956363636364,23.06778181818182,89.47327272727271,16.371090909090906,-0.0317985210223154,275,275,ok
Ogun,South West,2021,2.06,NAERLS Agricultural Performance Survey 2021,Table 11.2,South,2182.23,4453.28,10,29.06054545454545,23.326945454545456,89.72494545454545,16.417818181818184,1.9244862549671204,275,275,ok
Ogun,South West,2022,2.26,NAERLS Agricultural Performance Survey 2023,Table 12.2,South,2013.57,4383.950000000001,14,28.825636363636363,23.05763636363637,89.84065454545454,15.912836363636362,1.363752441843198,275,275,ok
Ogun,South West,2023,2.31,NAERLS Agricultural Performance Survey 2023,Table 12.2,South,2082.14,4518.465,6,29.185490909090905,23.67607272727273,90.35083636363636,16.04407272727273,1.591723019134241,275,275,ok
Ogun,South West,2024,2.37,Agricultural Productivity Survey 2024,Table 12.2,South,1605.6,4582.57,15,29.627236363636364,23.70054545454545,89.01341818181818,16.325090909090907,0.0073989867254078,275,275,ok
Ondo,South West,2020,2.5,NAERLS Agricultural Performance Survey 2021,Table 11.2,South,1674.83,4131.280000000001,14,28.408036363636363,21.63763636363636,87.87240000000001,16.94941818181818,0.6307491994593836,275,275,ok
Ondo,South West,2021,2.48,NAERLS Agricultural Performance Survey 2021,Table 11.2,South,2454.52,4160.120000000001,10,28.32523636363636,21.93018181818182,88.6116,16.92436363636364,3.3454149276912624,275,275,ok
Ondo,South West,2022,2.65,NAERLS Agricultural Performance Survey 2023,Table 12.2,South,1935.77,4042.9,15,27.862654545454543,21.540254545454548,89.01807272727274,16.410981818181817,1.539270374701886,275,275,ok
Ondo,South West,2023,2.71,NAERLS Agricultural Performance Survey 2023,Table 12.2,South,1991.3,4201.675,6,28.312,22.24563636363636,89.70890909090907,16.682509090909093,1.732610532827188,275,275,ok
Ondo,South West,2024,2.78,Agricultural Productivity Survey 2024,Table 12.2,South,1356.8000000000002,4302.264999999999,20,29.06705454545454,22.22214545454545,86.85934545454545,16.821854545454546,-0.4765436240340352,275,275,ok
Osun,South West,2020,2.03,NAERLS Agricultural Performance Survey 2021,Table 11.2,South,1690.85,4259.795,11,28.818072727272725,22.16225454545454,88.72989090909091,16.387854545454545,0.2073527670342393,275,275,ok
Osun,South West,2021,2.17,NAERLS Agricultural Performance Survey 2021,Table 11.2,South,2645.05,4282.065,10,28.74374545454545,22.39854545454545,89.46425454545454,16.58909090909091,3.267581218546449,275,275,very_high
Osun,South West,2022,2.34,NAERLS Agricultural Performance Survey 2023,Table 12.2,South,2359.4700000000003,4178.855,14,28.33152727272727,22.060145454545456,89.76636363636364,15.950036363636364,2.351693520807133,275,275,ok
Osun,South West,2023,2.39,NAERLS Agricultural Performance Survey 2023,Table 12.2,South,2358.78,4331.835,6,28.764727272727274,22.73952727272728,90.41392727272728,16.109236363636363,2.349480611949929,275,275,ok
Osun,South West,2024,2.46,Agricultural Productivity Survey 2024,Table 12.2,South,1679.4299999999998,4410.16,20,29.38592727272728,22.68796363636364,88.06992727272726,15.928509090909092,0.1707275218903802,275,275,ok
Oyo,South West,2020,1.88,NAERLS Agricultural Performance Survey 2021,Table 11.2,South,1554.8200000000002,4334.17,11,29.159127272727275,22.36210909090909,88.19909090909091,16.444181818181818,-0.12257994838456,275,275,ok
Oyo,South West,2021,1.85,NAERLS Agricultural Performance Survey 2021,Table 11.2,South,2370.13,4359.49,10,29.11552727272727,22.589854545454543,88.73483636363638,16.970436363636363,2.9024414729307835,275,275,ok
Oyo,South West,2022,2.03,NAERLS Agricultural Performance Survey 2023,Table 12.2,South,2143.53,4276.58,14,28.824472727272724,22.277927272727275,88.62149090909092,16.104836363636363,2.0616939608555525,275,275,ok
Oyo,South West,2023,2.07,NAERLS Agricultural Performance Survey 2023,Table 12.2,South,2181.9700000000003,4419.96,6,29.19127272727273,22.95389090909091,89.49072727272726,16.222800000000003,2.2043167956488974,275,275,ok
Oyo,South West,2024,2.13,Agricultural Productivity Survey 2024,Table 12.2,South,1632.55,4472.030000000001,19,29.67494545454545,22.848909090909093,87.58556363636363,15.93450909090909,0.1658194519402747,275,275,ok
Plateau,North Central,2020,2.48,NAERLS Agricultural Performance Survey 2021,Table 11.2,Middle,3151.5600000000004,2706.965,16,26.56971962616822,18.729018691588784,83.89084112149533,17.856962616822432,7.578824999579921,214,214,very_high
Plateau,North Central,2021,2.48,NAERLS Agricultural Performance Survey 2021,Table 11.2,Middle,5333.05,2844.225,12,27.551261682242995,19.03028037383177,80.33130841121496,18.323598130841127,15.012756673567567,214,214,very_high
Plateau,North Central,2022,2.24,NAERLS Agricultural Performance Survey 2023,Table 12.2,Middle,4683.82,2689.665,11,26.530373831775705,18.60668224299065,83.61780373831775,17.29607476635514,12.800355305372891,214,214,very_high
Plateau,North Central,2023,2.29,NAERLS Agricultural Performance Survey 2023,Table 12.2,Middle,1689.76,3006.79,14,28.73845794392524,19.36238317757009,77.13406542056074,18.04565420560748,2.597403438612348,214,214,ok
Plateau,North Central,2024,2.34,Agricultural Productivity Survey 2024,Table 12.2,Middle,1375.73,3065.7900000000004,9,28.977289719626164,19.67495327102804,77.79901869158877,16.974906542056075,1.5272735899390373,214,214,ok
Rivers,South South,2020,2.15,NAERLS Agricultural Performance Survey 2021,Table 11.2,South,3287.4,4517.58,11,29.52923636363636,23.32589090909091,89.43607272727272,14.410036363636364,1.8281529185760617,275,275,very_high
Rivers,South South,2021,2.12,NAERLS Agricultural Performance Survey 2021,Table 11.2,South,3063.02,4516.015,10,29.39876363636364,23.44498181818182,89.97767272727273,14.595927272727272,1.4493312784446135,275,275,very_high
Rivers,South South,2022,2.26,NAERLS Agricultural Performance Survey 2023,Table 12.2,South,1997.43,4502.4400000000005,8,29.471454545454545,23.27356363636364,89.33643636363635,14.381963636363636,-0.3497085268306796,275,275,ok
Rivers,South South,2023,2.3,NAERLS Agricultural Performance Survey 2023,Table 12.2,South,1832.46,4580.485000000001,5,29.51603636363636,23.796581818181817,90.1933090909091,13.952,-0.6282280293375206,275,275,ok
Rivers,South South,2024,2.37,Agricultural Productivity Survey 2024,Table 12.2,South,1770.85,4714.629999999999,21,30.30472727272727,23.983490909090907,88.48505454545455,14.248981818181818,-0.7322444356504656,275,275,ok
Sokoto,North West,2020,2.68,NAERLS Agricultural Performance Survey 2021,Table 11.2,North,1114.59,3288.085,20,32.40391304347826,23.336141304347827,73.34869565217392,20.9758695652174,3.188649584825366,184,184,ok
Sokoto,North West,2021,2.54,NAERLS Agricultural Performance Survey 2021,Table 11.2,North,1247.63,3439.355,16,33.57755434782609,23.806739130434785,67.9108152173913,22.03804347826087,4.127361379665473,184,184,ok
Sokoto,North West,2022,2.31,NAERLS Agricultural Performance Survey 2023,Table 12.2,North,1119.31,3251.365,17,32.337228260869566,23.00369565217392,73.21184782608695,21.04440217391305,3.2219532504270285,184,184,ok
Sokoto,North West,2023,2.35,NAERLS Agricultural Performance Survey 2023,Table 12.2,North,779.82,3532.475,14,34.1291847826087,24.26728260869565,66.0,21.44619565217392,0.8265588785819622,184,184,ok
Sokoto,North West,2024,2.4,Agricultural Productivity Survey 2024,Table 12.2,North,1363.51,3433.615,16,33.102663043478266,24.219239130434783,72.92222826086956,20.30445652173913,4.944994593631734,184,184,ok
Taraba,North East,2020,2.04,NAERLS Agricultural Performance Survey 2021,Table 11.2,North,884.0899999999999,2953.94,7,29.66777173913044,22.440271739130434,83.60152173913043,17.67891304347826,0.0187371045236527,184,184,ok
Taraba,North East,2021,2.04,NAERLS Agricultural Performance Survey 2021,Table 11.2,North,918.9,3049.04,4,30.20114130434782,22.94059782608696,81.7536956521739,18.02809782608696,0.2166250318502279,184,184,ok
Taraba,North East,2022,2.14,NAERLS Agricultural Performance Survey 2023,Table 12.2,North,1078.8000000000002,2883.49,11,28.95043478260869,22.39184782608696,86.07239130434783,17.058532608695653,1.1256247324971462,184,184,ok
Taraba,North East,2023,2.19,NAERLS Agricultural Performance Survey 2023,Table 12.2,North,367.45,3499.565,15,33.70728260869565,24.331467391304347,67.8933152173913,17.7825,-2.91825855115004,184,184,ok
Taraba,North East,2024,2.24,Agricultural Productivity Survey 2024,Table 12.2,North,1095.85,3227.08,12,31.396032608695656,23.68092391304348,77.71913043478261,16.88103260869565,1.2225505917593709,184,184,ok
Yobe,North East,2020,2.01,NAERLS Agricultural Performance Survey 2021,Table 11.2,North,772.9,3219.32,15,32.583858695652175,22.40875,70.93402173913044,20.724945652173915,0.8707398989279639,184,184,ok
Yobe,North East,2021,2.01,NAERLS Agricultural Performance Survey 2021,Table 11.2,North,1600.22,3185.955,14,32.06440217391304,22.56554347826087,72.73184782608696,21.239565217391306,7.154425193111498,184,184,ok
Yobe,North East,2022,1.66,NAERLS Agricultural Performance Survey 2023,Table 12.2,North,871.1000000000001,3119.54,19,31.67815217391304,22.229891304347827,73.64353260869565,20.19375,1.6165914387055882,184,184,ok
Yobe,North East,2023,1.7,NAERLS Agricultural Performance Survey 2023,Table 12.2,North,400.36,3657.69,29,35.847228260869564,23.91027173913044,58.51592391304348,20.85445652173913,-1.9587869099188349,184,184,ok
Yobe,North East,2024,1.62,Agricultural Productivity Survey 2024,Table 12.2,North,926.85,3455.5950000000003,31,33.55940217391304,24.001413043478266,66.63913043478261,20.06733695652174,2.0400254849642674,184,184,ok
Zamfara,North West,2020,1.39,NAERLS Agricultural Performance Survey 2021,Table 11.2,North,1053.36,3014.24,14,31.15152173913044,21.61195652173913,74.64907608695653,20.28994565217392,2.1693869852294045,184,184,ok
Zamfara,North West,2021,1.43,NAERLS Agricultural Performance Survey 2021,Table 11.2,North,1541.42,3079.6249999999995,14,31.58733695652174,21.88684782608696,73.01260869565218,21.36407608695652,5.2619891598573565,184,184,ok
Zamfara,North West,2022,1.5,NAERLS Agricultural Performance Survey 2023,Table 12.2,North,1023.2999999999998,2937.645,18,30.60016304347826,21.330760869565218,75.94385869565217,20.194130434782608,1.9789111802682988,184,184,ok
Zamfara,North West,2023,1.54,NAERLS Agricultural Performance Survey 2023,Table 12.2,North,510.0,3380.49,29,33.959184782608695,22.78527173913044,63.992119565217386,21.07929347826087,-1.2736247707142192,184,184,ok
Zamfara,North West,2024,1.6,Agricultural Productivity Survey 2024,Table 12.2,North,694.8700000000001,3260.635,17,32.69663043478261,22.745054347826088,70.14929347826086,19.637336956521736,-0.1021922336829729,184,184,ok
