Model,Scenario,Scenario_Type,Temperature_Shift_C,Rainfall_Shift_pct,Mean_Yield_Change_MT_Ha_04a,Median_Yield_Change_MT_Ha_04a,Q25_Yield_Change_MT_Ha_04a,Q75_Yield_Change_MT_Ha_04a,Min_Yield_Change_MT_Ha_04a,Max_Yield_Change_MT_Ha_04a,Mean_Yield_Change_pct_04a,Median_Yield_Change_pct_04a,Mean_Yield_Change_MT_Ha_04b,Median_Yield_Change_MT_Ha_04b,Q25_Yield_Change_MT_Ha_04b,Q75_Yield_Change_MT_Ha_04b,Min_Yield_Change_MT_Ha_04b,Max_Yield_Change_MT_Ha_04b,Mean_Yield_Change_pct_04b,Median_Yield_Change_pct_04b,Difference_Mean_MT_Ha_04b_minus_04a,Difference_Mean_pct_points_04b_minus_04a,Absolute_Method_Difference_pct_points
LightGBM,T+0_R-10,Drought,0.0,-10.0,-0.0133714997493749,-0.0011295858921371,-0.0410841718206445,0.0208347259212009,-0.1899456096011909,0.1125869321248149,-0.5897985141701957,-0.0619174652201999,-0.0115836489247081,-0.0011295858921371,-0.0410841718206445,0.0208347259212009,-0.1899456096011909,0.1125869321248149,-0.5086024692146534,-0.0619174652201999,0.001787850824666799,0.08119604495554233,0.08119604495554233
LightGBM,T+0_R-20,Drought,0.0,-20.0,-0.0416454398614377,-0.0259944644281677,-0.078494287463396,0.0016484001966747,-0.2527848782682698,0.0719101481759634,-1.9811239878458689,-0.9617126221196678,-0.0412357580562049,-0.036971051382064,-0.078494287463396,0.0016484001966747,-0.2108436271510605,0.0719101481759634,-1.9515249521957163,-1.34422363391955,0.0004096818052327991,0.02959903565015254,0.02959903565015254
LightGBM,T+0_R-30,Drought,0.0,-30.0,-0.0624066078270321,-0.048275911814283,-0.1224737456164386,-0.0069353717879361,-0.2019636853612485,0.0478271477302068,-2.783504963829718,-2.2666605215115254,-0.0615013534651071,-0.048275911814283,-0.1195928567409754,-0.0090639708034934,-0.1966259612168472,0.0478271477302068,-2.735356839415544,-2.2666605215115254,0.0009052543619249981,0.04814812441417393,0.04814812441417393
LightGBM,T+0_R0,Baseline,0.0,0.0,0.0,0.0,0.0,0.0,0.0,0.0,0.0,0.0,0.0,0.0,0.0,0.0,0.0,0.0,0.0,0.0,0.0,0.0,0.0
LightGBM,T+1_R-10,Compound,1.0,-10.0,0.009675924800714,-0.0044655253106775,-0.1158609439570987,0.0464716799301327,-0.2348419321038541,0.5132237313405517,0.4936787295724718,-0.2287567006823193,0.0108974606025037,-0.0044655253106775,-0.1158609439570987,0.0464716799301327,-0.1896451074376348,0.5132237313405517,0.5491553244362567,-0.2287567006823193,0.0012215358017897,0.05547659486378492,0.05547659486378492
LightGBM,T+1_R-20,Compound,1.0,-20.0,-0.0175894516796745,-0.0172146417781502,-0.1158609439570987,0.0400945596815858,-0.4111998614760537,0.4361912866511841,-0.8700047970104932,-0.6368870699015425,-0.0177210934018898,-0.0172146417781502,-0.1158609439570987,0.0400945596815858,-0.3699870193373216,0.4361912866511841,-0.8643433875379035,-0.6368870699015425,-0.00013164172221529977,0.00566140947258964,0.00566140947258964
LightGBM,T+1_R-30,Compound,1.0,-30.0,-0.044195210720005,-0.0839570870895478,-0.1266077814297648,0.0147297731381583,-0.394563360993424,0.3619817992233574,-1.964614285509617,-3.093148842361369,-0.0438312798855282,-0.0839570870895478,-0.1266077814297648,0.0147297731381583,-0.3533505188546919,0.3619817992233574,-1.940403787273008,-3.093148842361369,0.0003639308344767986,0.024210498236608924,0.024210498236608924
LightGBM,T+1_R0,Heat,1.0,0.0,0.0277323156133168,0.0010378124233063,-0.0488767583090619,0.0936287533667217,-0.1776385595205187,0.4277228272316797,1.345801537798577,0.0578813445430101,0.0277323156133168,0.0010378124233063,-0.0488767583090619,0.0936287533667217,-0.1776385595205187,0.4277228272316797,1.345801537798577,0.0578813445430101,0.0,0.0,0.0
LightGBM,T+2_R-10,Compound,2.0,-10.0,0.0058018876061865,0.0110351078161525,-0.133693680158661,0.1254484163872991,-0.5874230496494866,0.4690933380707669,0.4416942603752151,0.4885347002477208,0.0070234234079762,0.0110351078161525,-0.133693680158661,0.1254484163872991,-0.5874230496494866,0.4690933380707669,0.4971708552390009,0.4885347002477208,0.0012215358017897,0.05547659486378581,0.05547659486378581
LightGBM,T+2_R-20,Compound,2.0,-20.0,-0.0214605460951377,0.0005985971661586,-0.1844612675085575,0.117576011878397,-0.5874230496494866,0.408695697218385,-0.9275520192003608,0.0333852322816805,-0.0229030657402953,0.0005985971661586,-0.1844612675085575,0.0990485265603553,-0.5874230496494866,0.408695697218385,-0.969428372612536,0.0333852322816805,-0.0014425196451576007,-0.041876353412175216,0.041876353412175216
LightGBM,T+2_R-30,Compound,2.0,-30.0,-0.047339105882692,-0.0495491330847159,-0.1604955781166641,0.0860800668226486,-0.5965588853604409,0.3465078684955602,-1.9861595627610151,-1.9401612178481635,-0.0482860529711575,-0.0495491330847159,-0.1604955781166641,0.0840921425177878,-0.5965588853604409,0.3465078684955602,-2.0094868274091704,-1.9401612178481635,-0.0009469470884654954,-0.023327264648155266,0.023327264648155266
LightGBM,T+2_R0,Heat,2.0,0.0,0.0194524322476336,0.0121646937082897,-0.1184949853178096,0.1367946493658156,-0.5685293719993103,0.3982756021401097,1.139138004682885,0.6667992269028272,0.0194524322476336,0.0121646937082897,-0.1184949853178096,0.1367946493658156,-0.5685293719993103,0.3982756021401097,1.139138004682885,0.6667992269028272,0.0,0.0,0.0
RandomForest,T+0_R-10,Drought,0.0,-10.0,-0.0101663983313983,-0.0019527513227513,-0.0147741498316511,0.0019723677248681,-0.0776988407888401,0.0186367328042331,-0.5032784566929547,-0.0973144034972382,-0.0101651445776446,-0.0019527513227517,-0.0147741498316502,0.0019723677248673,-0.0776988407888412,0.0186367328042329,-0.5032289484467303,-0.0973144034972382,1.2537537536997517e-06,4.950824622440564e-05,4.950824622440564e-05
RandomForest,T+0_R-20,Drought,0.0,-20.0,-0.0233287976762978,-0.0156383160358162,-0.0275170610870614,-0.0033488095238092,-0.0959300668775664,0.0061624603174594,-1.1335651672785114,-0.7283175848823864,-0.02348033985034,-0.0156383160358162,-0.0275170610870609,-0.0059048027898018,-0.0959300668775673,0.006162460317459,-1.1394365631615406,-0.7283175848823688,-0.00015154217404219836,-0.005871395883029207,0.005871395883029207
RandomForest,T+0_R-30,Drought,0.0,-30.0,-0.0265257193057193,-0.017966234968735,-0.0395205118030121,-0.0099754365079363,-0.0967434398934397,0.015633095238094,-1.2816709425676311,-0.9276972095937064,-0.0257021435046436,-0.0176158201058207,-0.0353943518518522,-0.0099754365079367,-0.0967434398934405,0.0156330952380936,-1.2452557958062158,-0.927697209593764,0.0008235758010756988,0.03641514676141533,0.03641514676141533
RandomForest,T+0_R0,Baseline,0.0,0.0,0.0,0.0,-4.440892098500626e-16,4.440892098500626e-16,-4.440892098500626e-16,6.661338147750939e-16,-9.937412168047612e-17,0.0,-1.200241107702872e-17,0.0,-4.440892098500626e-16,0.0,-4.440892098500626e-16,8.881784197001252e-16,-8.504362272033426e-16,0.0,-1.200241107702872e-17,-7.510621055228665e-16,7.510621055228665e-16
RandomForest,T+1_R-10,Compound,1.0,-10.0,-0.0184016007116008,-0.0060281914381903,-0.0749572613497624,0.0082094131794141,-0.2764910911310925,0.371956808099307,-0.8437191406824158,-0.334525364467034,-0.0183929252504254,-0.0060281914381912,-0.074957261349762,0.0082094131794141,-0.2764910911310929,0.3719568080993074,-0.8433765639469873,-0.3345253644670586,8.675461175399607e-06,0.0003425767354284792,0.0003425767354284792
RandomForest,T+1_R-20,Compound,1.0,-20.0,-0.0314043965068966,-0.020448778998779,-0.0876985355385355,-0.0037738672438671,-0.2793310117660128,0.3717108424908413,-1.4771564360099738,-1.0944466483921609,-0.0317809644209646,-0.020448778998779,-0.0876985355385358,-0.0051878829503833,-0.2793310117660137,0.3717108424908422,-1.4917041005458151,-1.094446648392161,-0.00037656791406799617,-0.014547664535841331,0.014547664535841331
RandomForest,T+1_R-30,Compound,1.0,-30.0,-0.0349014793139796,-0.0230856216931223,-0.0849378212528209,-0.0062495646945635,-0.2793310117660132,0.3611601811151792,-1.6304740483939797,-1.137979485788859,-0.0346632059582061,-0.0230856216931218,-0.0849378212528213,-0.0062495646945639,-0.2793310117660128,0.361160181115181,-1.621171806001038,-1.1379794857888357,0.00023827335577349812,0.00930224239294164,0.00930224239294164
RandomForest,T+1_R0,Heat,1.0,0.0,-0.0045485947735948,-0.0043549074074076,-0.0591861544011536,0.0265895641395632,-0.2125890625115629,0.3633990862840845,-0.1509380873217274,-0.2289339238706679,-0.004548594773595,-0.0043549074074071,-0.0591861544011544,0.0265895641395632,-0.2125890625115634,0.3633990862840854,-0.1509380873217373,-0.2289339238706679,-2.0036056147532122e-16,-9.908740494779522e-15,9.908740494779522e-15
RandomForest,T+2_R-10,Compound,2.0,-10.0,-0.0220971118196119,-0.0119080862655878,-0.0853922258297257,0.0647145472120493,-0.3853739212639229,0.3441114641839631,-0.944083962896208,-0.6115812119485986,-0.0221283698633699,-0.0119080862655875,-0.0853922258297261,0.0635579995930011,-0.3853739212639233,0.3441114641839635,-0.945318280976828,-0.6115812119485872,-3.125804375799998e-05,-0.0012343180806200227,0.0012343180806200227
RandomForest,T+2_R-20,Compound,2.0,-20.0,-0.0337473487098486,-0.020448778998779,-0.0973988631738631,0.0633620965145971,-0.3861364609464619,0.3420773239723229,-1.516146443908243,-1.0944466483921609,-0.0341890972440973,-0.020448778998779,-0.0973988631738635,0.0626694149369169,-0.3861364609464628,0.3420773239723238,-1.5332452014756976,-1.094446648392161,-0.0004417485342486996,-0.017098757567454603,0.017098757567454603
RandomForest,T+2_R-30,Compound,2.0,-30.0,-0.0368614438864439,-0.0310923875198874,-0.0982122361897359,0.0515334324934328,-0.3861364609464619,0.3298379588929578,-1.653579551940226,-1.5000074465407531,-0.0367679950804951,-0.0310923875198878,-0.0982122361897368,0.0515334324934328,-0.3861364609464623,0.3298379588929583,-1.649561219873309,-1.5000074465407742,9.344880594879673e-05,0.004018332066917152,0.004018332066917152
RandomForest,T+2_R0,Heat,2.0,0.0,-0.0093643645143644,-0.0043549074074071,-0.0903682137307131,0.0682104033929043,-0.330499260369262,0.3305089010989004,-0.3001518653699113,-0.2289339238706679,-0.0093643645143646,-0.0043549074074071,-0.0903682137307133,0.0682104033929043,-0.3304992603692624,0.3305089010989013,-0.3001518653699174,-0.2289339238706679,-1.9949319973733282e-16,-6.106226635438361e-15,6.106226635438361e-15
Ridge,T+0_R-10,Drought,0.0,-10.0,-0.0026020591549332,-0.0004358984898322,-0.0082429979778018,0.00351628697807,-0.0459752259050167,0.0120570460888362,-0.101592733009384,-0.0213287698232616,0.0019011161639955,-0.0004358984898322,-0.0071336295485333,0.006280591472799,-0.0459752259050167,0.0717352119961078,0.1260112255589135,-0.0213287698232616,0.004503175318928699,0.22760395856829752,0.22760395856829752
Ridge,T+0_R-20,Drought,0.0,-20.0,-0.0052041183098666,-0.0008717969796645,-0.0164859959556036,0.0070325739561403,-0.0919504518100335,0.0241140921776721,-0.2031854660187738,-0.0426575396465232,0.0015506446685268,-0.0001747439199339,-0.0128870810994188,0.012561182945598,-0.0919504518100335,0.0809888664420763,0.1257085865071202,-0.0077627121955964,0.0067547629783934,0.328894052525894,0.328894052525894
Ridge,T+0_R-30,Drought,0.0,-30.0,-0.0078061774647998,-0.0013076954694968,-0.0247289939334054,0.0105488609342105,-0.1379256777150503,0.0361711382665084,-0.304778199028159,-0.0639863094697848,0.0019507023928794,0.0016335565808986,-0.0193306216491278,0.0275263266347693,-0.1379256777150503,0.0971849161713938,0.1657280148643535,0.0738599254920178,0.0097568798576792,0.4705062138925125,0.4705062138925125
Ridge,T+0_R0,Baseline,0.0,0.0,0.0,0.0,0.0,0.0,0.0,0.0,0.0,0.0,0.0,0.0,0.0,0.0,0.0,0.0,0.0,0.0,0.0,0.0,0.0
Ridge,T+1_R-10,Compound,1.0,-10.0,0.0337125567089435,0.0328642701966002,0.0270878155805629,0.043236837334621,0.0072626740057484,0.0553729691886677,1.5614038220943531,1.5785432603309522,0.0382157320278725,0.0396586857702248,0.0281123944540238,0.0441593774603488,0.0072626740057484,0.0925424361038722,1.7890077806626548,1.7673476316759775,0.004503175318928999,0.22760395856830162,0.22760395856830162
Ridge,T+1_R-20,Compound,1.0,-20.0,0.0311104975540103,0.0357134411064659,0.0229412846993399,0.0393145329997013,-0.0387125518992683,0.0575080384665702,1.4598110890849678,1.6467922308386531,0.0378652605324036,0.0367519039551611,0.0259062697791452,0.0436355060479565,-0.0387125518992683,0.1198457111630686,1.78870514161086,1.6944057063673763,0.006754762978393298,0.3288940525258921,0.3288940525258921
Ridge,T+1_R-30,Compound,1.0,-30.0,0.0285084383990769,0.0313560850419745,0.0218955492964973,0.0433681211292364,-0.0846877778042851,0.0596431077444723,1.3582183560755805,1.4532643424966212,0.0382653182567563,0.0343958274494928,0.0240083149951275,0.0522905979070333,-0.0846877778042851,0.1179921402791581,1.8287245699680912,1.602664901127245,0.009756879857679403,0.4705062138925107,0.4705062138925107
Ridge,T+1_R0,Heat,1.0,0.0,0.0363146158638769,0.0425464683273579,0.0208072241077641,0.0532378999107652,0.0208072241077639,0.0532378999107661,1.662996555103743,1.887903032513281,0.0363146158638768,0.0425464683273575,0.0208072241077643,0.0532378999107652,0.0208072241077634,0.0532378999107656,1.6629965551037398,1.8879030325132813,-1.0408340855860843e-16,-3.1086244689504383e-15,3.1086244689504383e-15
Ridge,T+2_R-10,Compound,2.0,-10.0,0.0700271725728206,0.0797537259663578,0.048619907703586,0.0911872900015384,0.0397901914782741,0.1086108690994329,3.224400377198104,3.38360617253654,0.0745303478917495,0.082474387045452,0.0491347472226855,0.0973972773711144,0.0397901914782745,0.113349660211635,3.452004335766403,3.7352090269771945,0.004503175318928909,0.22760395856829918,0.22760395856829918
Ridge,T+2_R-20,Compound,2.0,-20.0,0.0674251134178873,0.0657285403932004,0.0541756311611267,0.086473674669242,0.0145253480114972,0.1107459383773354,3.1228076441887134,3.157086520661924,0.0741798763962807,0.0744145152780006,0.0541756311611263,0.0883187549206985,0.0145253480114968,0.1730836110738334,3.4517016967146072,3.423155807650869,0.006754762978393392,0.3288940525258939,0.3288940525258939
Ridge,T+2_R-30,Compound,2.0,-30.0,0.064823054262954,0.0691407748502976,0.0521633091497388,0.0808303874724138,-0.0314498778935194,0.1128810076552375,3.02121491117933,3.233521733098913,0.0745799341206333,0.0765156172463998,0.0542315267409452,0.0867264932356142,-0.0314498778935199,0.1647331449998921,3.4917211250718383,3.49029504203134,0.009756879857679299,0.47050621389250846,0.47050621389250846
Ridge,T+2_R0,Heat,2.0,0.0,0.0726292317277539,0.0850929366547164,0.0416144482155282,0.1064757998215304,0.0416144482155282,0.1064757998215313,3.3259931102074893,3.775806065026543,0.0726292317277539,0.0850929366547159,0.0416144482155282,0.1064757998215304,0.0416144482155269,0.1064757998215308,3.325993110207488,3.775806065026622,0.0,-1.3322676295501878e-15,1.3322676295501878e-15
