Model,Scenario,Scenario_Type,Extreme_Type,State,Year,Temperature_Shift_C,Rainfall_Shift_pct,Predicted_Yield_Baseline,Predicted_Yield_Stress,Yield_Change_MT_Ha,Yield_Change_pct
LightGBM,T+0_R-10,Drought,Most_Negative,Imo,2024,0.0,-10.0,1.9852379020439388,1.795292292442748,-0.1899456096011909,-9.56790163061207
LightGBM,T+0_R-10,Drought,Most_Negative,Bayelsa,2024,0.0,-10.0,1.9780597189458773,1.840943931199451,-0.1371157877464264,-6.931832564665763
LightGBM,T+0_R-10,Drought,Most_Negative,Kano,2024,0.0,-10.0,2.1392041565082125,2.034984744186009,-0.1042194123222035,-4.8718777964754505
LightGBM,T+0_R-10,Drought,Most_Negative,Lagos,2024,0.0,-10.0,1.745769653486419,1.6589708229146205,-0.086798830571799,-4.971952078468997
LightGBM,T+0_R-10,Drought,Most_Negative,Jigawa,2024,0.0,-10.0,2.1719872802994367,2.086661545627409,-0.0853257346720277,-3.928463828769038
LightGBM,T+0_R-10,Drought,Most_Positive,Abia,2024,0.0,-10.0,1.885718280346168,1.933178548507874,0.0474602681617064,2.516827070955372
LightGBM,T+0_R-10,Drought,Most_Positive,Edo,2024,0.0,-10.0,2.0208195123023867,2.0705007568362137,0.049681244533827,2.4584701519050336
LightGBM,T+0_R-10,Drought,Most_Positive,Nasarawa,2024,0.0,-10.0,2.8528243385884564,2.9083415986426404,0.055517260054184,1.946045513676923
LightGBM,T+0_R-10,Drought,Most_Positive,Oyo,2024,0.0,-10.0,1.9520850306715003,2.0525891609852867,0.1005041303137861,5.148552892658246
LightGBM,T+0_R-10,Drought,Most_Positive,Osun,2024,0.0,-10.0,1.6977145580657644,1.8103014901905796,0.1125869321248149,6.631676190200501
LightGBM,T+0_R-20,Drought,Most_Negative,Ogun,2024,0.0,-20.0,2.201893978512967,1.9491091002446972,-0.2527848782682698,-11.480338323963544
LightGBM,T+0_R-20,Drought,Most_Negative,Imo,2024,0.0,-20.0,1.9852379020439388,1.7743942748928785,-0.2108436271510605,-10.620572322036695
LightGBM,T+0_R-20,Drought,Most_Negative,Bayelsa,2024,0.0,-20.0,1.9780597189458773,1.7814337577290302,-0.1966259612168472,-9.940345042849904
LightGBM,T+0_R-20,Drought,Most_Negative,Kogi,2024,0.0,-20.0,2.777658283495822,2.6551845378793835,-0.1224737456164386,-4.409244518814578
LightGBM,T+0_R-20,Drought,Most_Negative,Jigawa,2024,0.0,-20.0,2.1719872802994367,2.0656776339049494,-0.1063096463944872,-4.894579602686767
LightGBM,T+0_R-20,Drought,Most_Positive,Bauchi,2024,0.0,-20.0,2.288970852812262,2.3224966549412107,0.0335258021289486,1.4646670615206108
LightGBM,T+0_R-20,Drought,Most_Positive,Taraba,2024,0.0,-20.0,2.638245673999239,2.6757208972691364,0.0374752232698973,1.4204599533405011
LightGBM,T+0_R-20,Drought,Most_Positive,Sokoto,2024,0.0,-20.0,2.2195111565910786,2.260714648377301,0.0412034917862222,1.856421927137607
LightGBM,T+0_R-20,Drought,Most_Positive,Abia,2024,0.0,-20.0,1.885718280346168,1.933178548507874,0.0474602681617064,2.516827070955372
LightGBM,T+0_R-20,Drought,Most_Positive,Kaduna,2024,0.0,-20.0,2.150619625529219,2.2225297737051823,0.0719101481759634,3.3436944089203107
LightGBM,T+0_R-30,Drought,Most_Negative,Ogun,2024,0.0,-30.0,2.201893978512967,1.9999302931517189,-0.2019636853612485,-9.172271114417743
LightGBM,T+0_R-30,Drought,Most_Negative,Bayelsa,2024,0.0,-30.0,1.9780597189458773,1.7814337577290302,-0.1966259612168472,-9.940345042849904
LightGBM,T+0_R-30,Drought,Most_Negative,Imo,2024,0.0,-30.0,1.9852379020439388,1.791030775375508,-0.1942071266684308,-9.782561901950457
LightGBM,T+0_R-30,Drought,Most_Negative,Jigawa,2024,0.0,-30.0,2.1719872802994367,1.9797977501468864,-0.19218953015255,-8.848556890538244
LightGBM,T+0_R-30,Drought,Most_Negative,Kano,2024,0.0,-30.0,2.1392041565082125,1.9497033357988305,-0.189500820709382,-8.858472910724943
LightGBM,T+0_R-30,Drought,Most_Positive,Bauchi,2024,0.0,-30.0,2.288970852812262,2.2998489035458407,0.0108780507335786,0.4752376256872684
LightGBM,T+0_R-30,Drought,Most_Positive,Gombe,2024,0.0,-30.0,2.757550720508127,2.779343542235027,0.0217928217268998,0.7902963149444511
LightGBM,T+0_R-30,Drought,Most_Positive,Abia,2024,0.0,-30.0,1.885718280346168,1.922431711035208,0.0367134306890404,1.946920230433404
LightGBM,T+0_R-30,Drought,Most_Positive,Plateau,2024,0.0,-30.0,2.117811946993451,2.1572300909255,0.0394181439320493,1.8612674268841127
LightGBM,T+0_R-30,Drought,Most_Positive,Osun,2024,0.0,-30.0,1.6977145580657644,1.7455417057959712,0.0478271477302068,2.8171489431472563
LightGBM,T+0_R0,Baseline,Most_Negative,Abia,2024,0.0,0.0,1.885718280346168,1.885718280346168,0.0,0.0
LightGBM,T+0_R0,Baseline,Most_Negative,Adamawa,2024,0.0,0.0,2.702934726059281,2.702934726059281,0.0,0.0
LightGBM,T+0_R0,Baseline,Most_Negative,Akwa Ibom,2024,0.0,0.0,1.7518811138048205,1.7518811138048205,0.0,0.0
LightGBM,T+0_R0,Baseline,Most_Negative,Anambra,2024,0.0,0.0,1.960842737599652,1.960842737599652,0.0,0.0
LightGBM,T+0_R0,Baseline,Most_Negative,Bauchi,2024,0.0,0.0,2.288970852812262,2.288970852812262,0.0,0.0
LightGBM,T+0_R0,Baseline,Most_Positive,Rivers,2024,0.0,0.0,1.824341303572406,1.824341303572406,0.0,0.0
LightGBM,T+0_R0,Baseline,Most_Positive,Sokoto,2024,0.0,0.0,2.2195111565910786,2.2195111565910786,0.0,0.0
LightGBM,T+0_R0,Baseline,Most_Positive,Taraba,2024,0.0,0.0,2.638245673999239,2.638245673999239,0.0,0.0
LightGBM,T+0_R0,Baseline,Most_Positive,Yobe,2024,0.0,0.0,1.868868694497328,1.868868694497328,0.0,0.0
LightGBM,T+0_R0,Baseline,Most_Positive,Zamfara,2024,0.0,0.0,1.9801238613872905,1.9801238613872905,0.0,0.0
LightGBM,T+1_R-10,Compound,Most_Negative,Ogun,2024,1.0,-10.0,2.201893978512967,1.967052046409113,-0.2348419321038541,-10.665451397548802
LightGBM,T+1_R-10,Compound,Most_Negative,Imo,2024,1.0,-10.0,1.9852379020439388,1.7963301048660545,-0.1889077971778845,-9.51562515421406
LightGBM,T+1_R-10,Compound,Most_Negative,Enugu,2024,1.0,-10.0,1.9718888257207303,1.7917395978639885,-0.1801492278567418,-9.13587142981536
LightGBM,T+1_R-10,Compound,Most_Negative,Delta,2024,1.0,-10.0,1.9705492690557629,1.8032329887671532,-0.1673162802886094,-8.490844807386276
LightGBM,T+1_R-10,Compound,Most_Negative,Anambra,2024,1.0,-10.0,1.960842737599652,1.7935264573110434,-0.1673162802886088,-8.53287604764406
LightGBM,T+1_R-10,Compound,Most_Positive,Yobe,2024,1.0,-10.0,1.868868694497328,2.052512951550291,0.1836442570529635,9.826493300127678
LightGBM,T+1_R-10,Compound,Most_Positive,Katsina,2024,1.0,-10.0,1.9519067976449576,2.196163806758729,0.2442570091137716,12.51376394654069
LightGBM,T+1_R-10,Compound,Most_Positive,Bauchi,2024,1.0,-10.0,2.288970852812262,2.5669846066286306,0.2780137538163685,12.145797028162104
LightGBM,T+1_R-10,Compound,Most_Positive,Osun,2024,1.0,-10.0,1.6977145580657644,2.068755077400437,0.3710405193346726,21.85529467081943
LightGBM,T+1_R-10,Compound,Most_Positive,Kwara,2024,1.0,-10.0,2.320563274323994,2.8337870056645458,0.5132237313405517,22.11634291635764
LightGBM,T+1_R-20,Compound,Most_Negative,Ogun,2024,1.0,-20.0,2.201893978512967,1.7906941170369135,-0.4111998614760537,-18.67482564958711
LightGBM,T+1_R-20,Compound,Most_Negative,Imo,2024,1.0,-20.0,1.9852379020439388,1.7754320873161846,-0.2098058147277541,-10.568295845638684
LightGBM,T+1_R-20,Compound,Most_Negative,Oyo,2024,1.0,-20.0,1.9520850306715003,1.7560964137433746,-0.1959886169281259,-10.039963108610468
LightGBM,T+1_R-20,Compound,Most_Negative,Bayelsa,2024,1.0,-20.0,1.9780597189458773,1.7824715701523366,-0.1955881487935409,-9.887878860288977
LightGBM,T+1_R-20,Compound,Most_Negative,Edo,2024,1.0,-20.0,2.0208195123023867,1.825963267431016,-0.1948562448713704,-9.642436827491052
LightGBM,T+1_R-20,Compound,Most_Positive,FCT,2024,1.0,-20.0,2.675089302187353,2.8400842748126105,0.1649949726252573,6.16783045300002
LightGBM,T+1_R-20,Compound,Most_Positive,Osun,2024,1.0,-20.0,1.6977145580657644,1.8772319857829896,0.1795174277172253,10.574064224421369
LightGBM,T+1_R-20,Compound,Most_Positive,Katsina,2024,1.0,-20.0,1.9519067976449576,2.1928314922481342,0.2409246946031764,12.343042961572772
LightGBM,T+1_R-20,Compound,Most_Positive,Bauchi,2024,1.0,-20.0,2.288970852812262,2.5661712398261782,0.2772003870139161,12.110262857796718
LightGBM,T+1_R-20,Compound,Most_Positive,Kwara,2024,1.0,-20.0,2.320563274323994,2.7567545609751782,0.4361912866511841,18.796784878802814
LightGBM,T+1_R-30,Compound,Most_Negative,Ogun,2024,1.0,-30.0,2.201893978512967,1.8073306175195432,-0.394563360993424,-17.919271538218634
LightGBM,T+1_R-30,Compound,Most_Negative,Edo,2024,1.0,-30.0,2.0208195123023867,1.8164250038976328,-0.204394508404754,-10.114436601608254
LightGBM,T+1_R-30,Compound,Most_Negative,Bayelsa,2024,1.0,-30.0,1.9780597189458773,1.7824715701523366,-0.1955881487935409,-9.887878860288977
LightGBM,T+1_R-30,Compound,Most_Negative,Imo,2024,1.0,-30.0,1.9852379020439388,1.7920685877988145,-0.1931693142451245,-9.730285425552443
LightGBM,T+1_R-30,Compound,Most_Negative,Enugu,2024,1.0,-30.0,1.9718888257207303,1.7917395978639885,-0.1801492278567418,-9.13587142981536
LightGBM,T+1_R-30,Compound,Most_Positive,Plateau,2024,1.0,-30.0,2.117811946993451,2.286632363426264,0.1688204164328128,7.971454532234487
LightGBM,T+1_R-30,Compound,Most_Positive,Katsina,2024,1.0,-30.0,1.9519067976449576,2.167014070762222,0.215107273117264,11.020366001942222
LightGBM,T+1_R-30,Compound,Most_Positive,Osun,2024,1.0,-30.0,1.6977145580657644,1.924692253944696,0.2269776958789318,13.36960296420686
LightGBM,T+1_R-30,Compound,Most_Positive,Bauchi,2024,1.0,-30.0,2.288970852812262,2.535442548373625,0.2464716955613628,10.767795284878538
LightGBM,T+1_R-30,Compound,Most_Positive,Kwara,2024,1.0,-30.0,2.320563274323994,2.6825450735473515,0.3619817992233574,15.59887649815568
LightGBM,T+1_R0,Heat,Most_Negative,Ogun,2024,1.0,0.0,2.201893978512967,2.0242554189924484,-0.1776385595205187,-8.067534643084208
LightGBM,T+1_R0,Heat,Most_Negative,Edo,2024,1.0,0.0,2.0208195123023867,1.844836998321665,-0.1759825139807216,-8.708472622585623
LightGBM,T+1_R0,Heat,Most_Negative,Kaduna,2024,1.0,0.0,2.150619625529219,1.9843443253109716,-0.1662753002182475,-7.731506689721152
LightGBM,T+1_R0,Heat,Most_Negative,Enugu,2024,1.0,0.0,1.9718888257207303,1.8106332755141643,-0.1612555502065658,-8.1777201687639
LightGBM,T+1_R0,Heat,Most_Negative,Delta,2024,1.0,0.0,1.9705492690557629,1.817392749459621,-0.1531565195961419,-7.772275578246804
LightGBM,T+1_R0,Heat,Most_Positive,Katsina,2024,1.0,0.0,1.9519067976449576,2.1987596224722328,0.246852824827275,12.646752658739208
LightGBM,T+1_R0,Heat,Most_Positive,Osun,2024,1.0,0.0,1.6977145580657644,1.954361789969012,0.2566472319032475,15.117219245363026
LightGBM,T+1_R0,Heat,Most_Positive,Bauchi,2024,1.0,0.0,2.288970852812262,2.5634487388285514,0.2744778860162893,11.991322898632015
LightGBM,T+1_R0,Heat,Most_Positive,Lagos,2024,1.0,0.0,1.745769653486419,2.0238107933555445,0.2780411398691251,15.92656507196458
LightGBM,T+1_R0,Heat,Most_Positive,Kwara,2024,1.0,0.0,2.320563274323994,2.748286101555674,0.4277228272316797,18.43185367812391
LightGBM,T+2_R-10,Compound,Most_Negative,Niger,2024,2.0,-10.0,2.714291854945248,2.126868805295761,-0.5874230496494866,-21.641852867783665
LightGBM,T+2_R-10,Compound,Most_Negative,Ekiti,2024,2.0,-10.0,2.12982541303054,1.7935264573110434,-0.3362989557194964,-15.789977603890772
LightGBM,T+2_R-10,Compound,Most_Negative,Ondo,2024,2.0,-10.0,2.12982541303054,1.7935264573110434,-0.3362989557194964,-15.789977603890772
LightGBM,T+2_R-10,Compound,Most_Negative,Nasarawa,2024,2.0,-10.0,2.8528243385884564,2.613207891929864,-0.2396164466585921,-8.399270975693916
LightGBM,T+2_R-10,Compound,Most_Negative,Ogun,2024,2.0,-10.0,2.201893978512967,1.975712981919334,-0.2261809965936332,-10.272111137084943
LightGBM,T+2_R-10,Compound,Most_Positive,Osun,2024,2.0,-10.0,1.6977145580657644,1.9431914007144224,0.2454768426486577,14.4592529693763
LightGBM,T+2_R-10,Compound,Most_Positive,Kaduna,2024,2.0,-10.0,2.150619625529219,2.4076488665270253,0.2570292409978063,11.951404048707928
LightGBM,T+2_R-10,Compound,Most_Positive,Bauchi,2024,2.0,-10.0,2.288970852812262,2.5927106558961435,0.3037398030838814,13.26971039018266
LightGBM,T+2_R-10,Compound,Most_Positive,Plateau,2024,2.0,-10.0,2.117811946993451,2.472644396883456,0.3548324498900048,16.754672216942694
LightGBM,T+2_R-10,Compound,Most_Positive,Kwara,2024,2.0,-10.0,2.320563274323994,2.789656612394761,0.4690933380707669,20.214632510178763
LightGBM,T+2_R-20,Compound,Most_Negative,Niger,2024,2.0,-20.0,2.714291854945248,2.126868805295761,-0.5874230496494866,-21.641852867783665
LightGBM,T+2_R-20,Compound,Most_Negative,Ogun,2024,2.0,-20.0,2.201893978512967,1.7985526316321652,-0.403341346880802,-18.317927693920836
LightGBM,T+2_R-20,Compound,Most_Negative,Ekiti,2024,2.0,-20.0,2.12982541303054,1.7935264573110434,-0.3362989557194964,-15.789977603890772
LightGBM,T+2_R-20,Compound,Most_Negative,Ondo,2024,2.0,-20.0,2.12982541303054,1.7935264573110434,-0.3362989557194964,-15.789977603890772
LightGBM,T+2_R-20,Compound,Most_Negative,Nasarawa,2024,2.0,-20.0,2.8528243385884564,2.5664628424782943,-0.2863614961101621,-10.037824349600523
LightGBM,T+2_R-20,Compound,Most_Positive,Katsina,2024,2.0,-20.0,1.9519067976449576,2.187376810056938,0.2354700124119801,12.063588932426631
LightGBM,T+2_R-20,Compound,Most_Positive,Bauchi,2024,2.0,-20.0,2.288970852812262,2.591897289093691,0.302926436281429,13.234176219817272
LightGBM,T+2_R-20,Compound,Most_Positive,Plateau,2024,2.0,-20.0,2.117811946993451,2.454266443933566,0.3364544969401151,15.88689200746848
LightGBM,T+2_R-20,Compound,Most_Positive,Kaduna,2024,2.0,-20.0,2.150619625529219,2.4917519365581664,0.3411323110289475,15.862047708459952
LightGBM,T+2_R-20,Compound,Most_Positive,Kwara,2024,2.0,-20.0,2.320563274323994,2.729258971542379,0.408695697218385,17.611917836519353
LightGBM,T+2_R-30,Compound,Most_Negative,Niger,2024,2.0,-30.0,2.714291854945248,2.117732969584807,-0.5965588853604409,-21.97843552724637
LightGBM,T+2_R-30,Compound,Most_Negative,Nasarawa,2024,2.0,-30.0,2.8528243385884564,2.3930660282596845,-0.4597583103287719,-16.1158997457325
LightGBM,T+2_R-30,Compound,Most_Negative,Ogun,2024,2.0,-30.0,2.201893978512967,1.8151891321147948,-0.3867048463981724,-17.562373582552354
LightGBM,T+2_R-30,Compound,Most_Negative,Ekiti,2024,2.0,-30.0,2.12982541303054,1.7827796198383774,-0.3470457931921624,-16.294565323002185
LightGBM,T+2_R-30,Compound,Most_Negative,Ondo,2024,2.0,-30.0,2.12982541303054,1.7827796198383774,-0.3470457931921624,-16.294565323002185
LightGBM,T+2_R-30,Compound,Most_Positive,Katsina,2024,2.0,-30.0,1.9519067976449576,2.1615593885710256,0.2096525909260678,10.74091197279608
LightGBM,T+2_R-30,Compound,Most_Positive,Kaduna,2024,2.0,-30.0,2.150619625529219,2.421062406569407,0.2704427810401881,12.57510988135051
LightGBM,T+2_R-30,Compound,Most_Positive,Bauchi,2024,2.0,-30.0,2.288970852812262,2.573619054599612,0.2846482017873493,12.435641171997732
LightGBM,T+2_R-30,Compound,Most_Positive,Kwara,2024,2.0,-30.0,2.320563274323994,2.6550494841145524,0.3344862097905583,14.414009455872211
LightGBM,T+2_R-30,Compound,Most_Positive,Plateau,2024,2.0,-30.0,2.117811946993451,2.464319815489011,0.3465078684955602,16.361597590734142
LightGBM,T+2_R0,Heat,Most_Negative,Niger,2024,2.0,0.0,2.714291854945248,2.1457624829459374,-0.5685293719993103,-20.945771581765975
LightGBM,T+2_R0,Heat,Most_Negative,Nasarawa,2024,2.0,0.0,2.8528243385884564,2.4870834609696177,-0.3657408776188386,-12.820308375516836
LightGBM,T+2_R0,Heat,Most_Negative,Ekiti,2024,2.0,0.0,2.12982541303054,1.958975618498279,-0.1708497945322609,-8.02177462467019
LightGBM,T+2_R0,Heat,Most_Negative,Ondo,2024,2.0,0.0,2.12982541303054,1.958975618498279,-0.1708497945322609,-8.02177462467019
LightGBM,T+2_R0,Heat,Most_Negative,Ogun,2024,2.0,0.0,2.201893978512967,2.03291635450267,-0.1689776240102971,-7.674194382620317
LightGBM,T+2_R0,Heat,Most_Positive,Plateau,2024,2.0,0.0,2.117811946993451,2.345821429949318,0.2280094829558669,10.76627616911692
LightGBM,T+2_R0,Heat,Most_Positive,Kaduna,2024,2.0,0.0,2.150619625529219,2.3845607145107004,0.2339410889814814,10.877845910288013
LightGBM,T+2_R0,Heat,Most_Positive,Lagos,2024,2.0,0.0,1.745769653486419,2.029168672561725,0.2833990190753055,16.233471495471274
LightGBM,T+2_R0,Heat,Most_Positive,Bauchi,2024,2.0,0.0,2.288970852812262,2.5891747880960643,0.3002039352838022,13.115236260652573
LightGBM,T+2_R0,Heat,Most_Positive,Kwara,2024,2.0,0.0,2.320563274323994,2.718838876464104,0.3982756021401097,17.16288482830238
RandomForest,T+0_R-10,Drought,Most_Negative,Bayelsa,2024,0.0,-10.0,1.982855864690863,1.9051570239020228,-0.0776988407888401,-3.918531960514124
RandomForest,T+0_R-10,Drought,Most_Negative,Imo,2024,0.0,-10.0,1.9377850873200857,1.8696741786916773,-0.0681109086284084,-3.5148845490706244
RandomForest,T+0_R-10,Drought,Most_Negative,Edo,2024,0.0,-10.0,2.0688820586820573,2.011169889369888,-0.0577121693121691,-2.789534041826126
RandomForest,T+0_R-10,Drought,Most_Negative,Kano,2024,0.0,-10.0,1.9585134601509615,1.9200158459133467,-0.038497614237615,-1.9656548203987123
RandomForest,T+0_R-10,Drought,Most_Negative,Yobe,2024,0.0,-10.0,1.9694176791726787,1.9442339514189504,-0.0251837277537283,-1.2787398031436192
RandomForest,T+0_R-10,Drought,Most_Positive,Cross River,2024,0.0,-10.0,1.9022551720501717,1.9050919709919705,0.0028367989417992,0.1491282023295455
RandomForest,T+0_R-10,Drought,Most_Positive,Nasarawa,2024,0.0,-10.0,2.855585733525734,2.8585911700336704,0.0030054365079363,0.1052476370312172
RandomForest,T+0_R-10,Drought,Most_Positive,Kaduna,2024,0.0,-10.0,2.2874002532652518,2.291040733063232,0.0036404797979807,0.1591535977485358
RandomForest,T+0_R-10,Drought,Most_Positive,Borno,2024,0.0,-10.0,2.659030012025013,2.6644277104377108,0.0053976984126977,0.2029950165393995
RandomForest,T+0_R-10,Drought,Most_Positive,Osun,2024,0.0,-10.0,1.9470981176231177,1.9657348504273509,0.0186367328042331,0.9571542715568746
RandomForest,T+0_R-20,Drought,Most_Negative,Bayelsa,2024,0.0,-20.0,1.982855864690863,1.8869257978132965,-0.0959300668775664,-4.837974791098717
RandomForest,T+0_R-20,Drought,Most_Negative,Ogun,2024,0.0,-20.0,2.039880582935582,1.9558925709475696,-0.0839880119880125,-4.117300428790091
RandomForest,T+0_R-20,Drought,Most_Negative,Imo,2024,0.0,-20.0,1.9377850873200857,1.854337467532465,-0.0834476197876201,-4.306340281678315
RandomForest,T+0_R-20,Drought,Most_Negative,Edo,2024,0.0,-20.0,2.0688820586820573,2.008685762385761,-0.0601962962962958,-2.9096050228519448
RandomForest,T+0_R-20,Drought,Most_Negative,Oyo,2024,0.0,-20.0,2.0064290904465896,1.949484557479556,-0.0569445329670335,-2.838103436506636
RandomForest,T+0_R-20,Drought,Most_Positive,Ekiti,2024,0.0,-20.0,2.1849544208569216,2.1837063123913127,-0.0012481084656088,-0.0571228604905797
RandomForest,T+0_R-20,Drought,Most_Positive,Abia,2024,0.0,-20.0,1.9242374470899457,1.923178597883596,-0.0010588492063494,-0.0550269514789237
RandomForest,T+0_R-20,Drought,Most_Positive,Enugu,2024,0.0,-20.0,1.886856821789321,1.886856821789321,0.0,0.0
RandomForest,T+0_R-20,Drought,Most_Positive,Kaduna,2024,0.0,-20.0,2.2874002532652518,2.2895716986716974,0.002171445406446,0.0949307146113307
RandomForest,T+0_R-20,Drought,Most_Positive,Borno,2024,0.0,-20.0,2.659030012025013,2.6651924723424725,0.0061624603174594,0.2317559519671008
RandomForest,T+0_R-30,Drought,Most_Negative,Bayelsa,2024,0.0,-30.0,1.982855864690863,1.8861124247974232,-0.0967434398934397,-4.87899507050264
RandomForest,T+0_R-30,Drought,Most_Negative,Ogun,2024,0.0,-30.0,2.039880582935582,1.956524713804713,-0.0833558691308691,-4.086311219792685
RandomForest,T+0_R-30,Drought,Most_Negative,Imo,2024,0.0,-30.0,1.9377850873200857,1.8570981818181804,-0.0806869055019052,-4.163872765348478
RandomForest,T+0_R-30,Drought,Most_Negative,Edo,2024,0.0,-30.0,2.0688820586820573,2.008685762385761,-0.0601962962962958,-2.9096050228519448
RandomForest,T+0_R-30,Drought,Most_Negative,Jigawa,2024,0.0,-30.0,1.9830492814592824,1.9233373526473532,-0.0597119288119287,-3.011116736745346
RandomForest,T+0_R-30,Drought,Most_Positive,Kaduna,2024,0.0,-30.0,2.2874002532652518,2.2870622277722266,-0.0003380254930247,-0.0147777151175104
RandomForest,T+0_R-30,Drought,Most_Positive,Enugu,2024,0.0,-30.0,1.886856821789321,1.886856821789321,0.0,0.0
RandomForest,T+0_R-30,Drought,Most_Positive,Ekiti,2024,0.0,-30.0,2.1849544208569216,2.186205201280202,0.0012507804232804,0.0572451494338207
RandomForest,T+0_R-30,Drought,Most_Positive,Ondo,2024,0.0,-30.0,2.1849544208569216,2.186205201280202,0.0012507804232804,0.0572451494338207
RandomForest,T+0_R-30,Drought,Most_Positive,Borno,2024,0.0,-30.0,2.659030012025013,2.674663107263107,0.015633095238094,0.5879247382465057
RandomForest,T+0_R0,Baseline,Most_Negative,Abia,2024,0.0,0.0,1.9242374470899457,1.9242374470899453,-4.440892098500626e-16,-2.3078711544755853e-14
RandomForest,T+0_R0,Baseline,Most_Negative,Akwa Ibom,2024,0.0,0.0,1.8684125926850916,1.868412592685091,-4.440892098500626e-16,-2.376826251271744e-14
RandomForest,T+0_R0,Baseline,Most_Negative,Delta,2024,0.0,0.0,1.9366485942760931,1.936648594276093,-4.440892098500626e-16,-2.2930810016985052e-14
RandomForest,T+0_R0,Baseline,Most_Negative,Cross River,2024,0.0,0.0,1.9022551720501717,1.9022551720501708,-4.440892098500626e-16,-2.3345406882055774e-14
RandomForest,T+0_R0,Baseline,Most_Negative,FCT,2024,0.0,0.0,2.5084377397602404,2.50843773976024,-4.440892098500626e-16,-1.7703816316067276e-14
RandomForest,T+0_R0,Baseline,Most_Positive,Taraba,2024,0.0,0.0,2.532413990268988,2.5324139902689886,4.440892098500626e-16,1.7536201093364373e-14
RandomForest,T+0_R0,Baseline,Most_Positive,Oyo,2024,0.0,0.0,2.0064290904465896,2.00642909044659,4.440892098500626e-16,2.2133311960265565e-14
RandomForest,T+0_R0,Baseline,Most_Positive,Niger,2024,0.0,0.0,2.7895873544973533,2.7895873544973537,4.440892098500626e-16,1.5919530504542368e-14
RandomForest,T+0_R0,Baseline,Most_Positive,Ondo,2024,0.0,0.0,2.1849544208569216,2.184954420856922,4.440892098500626e-16,2.0324872940639853e-14
RandomForest,T+0_R0,Baseline,Most_Positive,Enugu,2024,0.0,0.0,1.886856821789321,1.8868568217893211,6.661338147750939e-16,3.530388777159012e-14
RandomForest,T+1_R-10,Compound,Most_Negative,Ekiti,2024,1.0,-10.0,2.1849544208569216,1.908463329725829,-0.2764910911310925,-12.65431848334186
RandomForest,T+1_R-10,Compound,Most_Negative,Ondo,2024,1.0,-10.0,2.1849544208569216,1.908463329725829,-0.2764910911310925,-12.65431848334186
RandomForest,T+1_R-10,Compound,Most_Negative,Edo,2024,1.0,-10.0,2.0688820586820573,1.9015984890109885,-0.167283569671069,-8.085698697471132
RandomForest,T+1_R-10,Compound,Most_Negative,Niger,2024,1.0,-10.0,2.7895873544973533,2.650736483886483,-0.1388508706108702,-4.977469889480815
RandomForest,T+1_R-10,Compound,Most_Negative,Kaduna,2024,1.0,-10.0,2.2874002532652518,2.1727714398564384,-0.1146288134088129,-5.011314187151152
RandomForest,T+1_R-10,Compound,Most_Positive,Katsina,2024,1.0,-10.0,1.9979591144041131,2.0611462109187118,0.0631870965145979,3.1625820598157426
RandomForest,T+1_R-10,Compound,Most_Positive,Osun,2024,1.0,-10.0,1.9470981176231177,2.021558227050725,0.0744601094276073,3.824158051084921
RandomForest,T+1_R-10,Compound,Most_Positive,Lagos,2024,1.0,-10.0,1.6620472915972913,1.860425565730564,0.1983782741332724,11.935777949051216
RandomForest,T+1_R-10,Compound,Most_Positive,FCT,2024,1.0,-10.0,2.5084377397602404,2.8176918314093315,0.3092540916490911,12.328553615153709
RandomForest,T+1_R-10,Compound,Most_Positive,Kwara,2024,1.0,-10.0,2.33390232850483,2.705859136604137,0.371956808099307,15.93711971389968
RandomForest,T+1_R-20,Compound,Most_Negative,Ekiti,2024,1.0,-20.0,2.1849544208569216,1.9056234090909088,-0.2793310117660128,-12.784294679083578
RandomForest,T+1_R-20,Compound,Most_Negative,Ondo,2024,1.0,-20.0,2.1849544208569216,1.9056234090909088,-0.2793310117660128,-12.784294679083578
RandomForest,T+1_R-20,Compound,Most_Negative,Ogun,2024,1.0,-20.0,2.039880582935582,1.8634957905982892,-0.1763847923372927,-8.646819515457041
RandomForest,T+1_R-20,Compound,Most_Negative,Edo,2024,1.0,-20.0,2.0688820586820573,1.9020084096459084,-0.1668736490361488,-8.065885067535103
RandomForest,T+1_R-20,Compound,Most_Negative,Niger,2024,1.0,-20.0,2.7895873544973533,2.64792315055315,-0.1416642039442033,-5.078321125732567
RandomForest,T+1_R-20,Compound,Most_Positive,Bauchi,2024,1.0,-20.0,2.347526554186554,2.3824106992081986,0.0348841450216443,1.4859957583624506
RandomForest,T+1_R-20,Compound,Most_Positive,Katsina,2024,1.0,-20.0,1.9979591144041131,2.050736647426646,0.0527775330225332,2.641572224478381
RandomForest,T+1_R-20,Compound,Most_Positive,Lagos,2024,1.0,-20.0,1.6620472915972913,1.860207073667072,0.1981597820697809,11.922631989571231
RandomForest,T+1_R-20,Compound,Most_Positive,FCT,2024,1.0,-20.0,2.5084377397602404,2.821300720298221,0.3128629805379805,12.472423595727133
RandomForest,T+1_R-20,Compound,Most_Positive,Kwara,2024,1.0,-20.0,2.33390232850483,2.7056131709956714,0.3717108424908413,15.926580900622808
RandomForest,T+1_R-30,Compound,Most_Negative,Ekiti,2024,1.0,-30.0,2.1849544208569216,1.9056234090909083,-0.2793310117660132,-12.7842946790836
RandomForest,T+1_R-30,Compound,Most_Negative,Ondo,2024,1.0,-30.0,2.1849544208569216,1.9056234090909083,-0.2793310117660132,-12.7842946790836
RandomForest,T+1_R-30,Compound,Most_Negative,Ogun,2024,1.0,-30.0,2.039880582935582,1.8667942032967024,-0.1730863796388797,-8.485123153130463
RandomForest,T+1_R-30,Compound,Most_Negative,Edo,2024,1.0,-30.0,2.0688820586820573,1.902008409645909,-0.1668736490361486,-8.065885067535092
RandomForest,T+1_R-30,Compound,Most_Negative,Niger,2024,1.0,-30.0,2.7895873544973533,2.644637594997594,-0.144949759499759,-5.196100393345708
RandomForest,T+1_R-30,Compound,Most_Positive,Bauchi,2024,1.0,-30.0,2.347526554186554,2.3798438738113727,0.0323173196248185,1.376654060299517
RandomForest,T+1_R-30,Compound,Most_Positive,Katsina,2024,1.0,-30.0,1.9979591144041131,2.040350946368445,0.0423918319643321,2.1217567295903064
RandomForest,T+1_R-30,Compound,Most_Positive,Lagos,2024,1.0,-30.0,1.6620472915972913,1.860207073667072,0.1981597820697809,11.922631989571231
RandomForest,T+1_R-30,Compound,Most_Positive,FCT,2024,1.0,-30.0,2.5084377397602404,2.801556011303511,0.2931182715432707,11.685291880965217
RandomForest,T+1_R-30,Compound,Most_Positive,Kwara,2024,1.0,-30.0,2.33390232850483,2.6950625096200094,0.3611601811151792,15.474519936168432
RandomForest,T+1_R0,Heat,Most_Negative,Ekiti,2024,1.0,0.0,2.1849544208569216,1.9723653583453584,-0.2125890625115629,-9.729679506457952
RandomForest,T+1_R0,Heat,Most_Negative,Ondo,2024,1.0,0.0,2.1849544208569216,1.9723653583453584,-0.2125890625115629,-9.729679506457952
RandomForest,T+1_R0,Heat,Most_Negative,Kaduna,2024,1.0,0.0,2.2874002532652518,2.157309434084433,-0.1300908191808183,-5.687278341213541
RandomForest,T+1_R0,Heat,Most_Negative,Niger,2024,1.0,0.0,2.7895873544973533,2.6678903330928327,-0.1216970214045205,-4.362545636304289
RandomForest,T+1_R0,Heat,Most_Negative,Edo,2024,1.0,0.0,2.0688820586820573,1.957529586894586,-0.1113524717874714,-5.382253247360386
RandomForest,T+1_R0,Heat,Most_Positive,Katsina,2024,1.0,0.0,1.9979591144041131,2.060556528379028,0.0625974139749148,3.133067815233263
RandomForest,T+1_R0,Heat,Most_Positive,Osun,2024,1.0,0.0,1.9470981176231177,2.032427685925184,0.0853295683020662,4.382396938795806
RandomForest,T+1_R0,Heat,Most_Positive,Lagos,2024,1.0,0.0,1.6620472915972913,1.914619274244273,0.2525719826469816,15.196437786330996
RandomForest,T+1_R0,Heat,Most_Positive,FCT,2024,1.0,0.0,2.5084377397602404,2.8215856938431942,0.3131479540829538,12.48378419441596
RandomForest,T+1_R0,Heat,Most_Positive,Kwara,2024,1.0,0.0,2.33390232850483,2.6973014147889147,0.3633990862840845,15.57044962189524
RandomForest,T+2_R-10,Compound,Most_Negative,Ekiti,2024,2.0,-10.0,2.1849544208569216,1.7995804995929987,-0.3853739212639229,-17.637618322160804
RandomForest,T+2_R-10,Compound,Most_Negative,Ondo,2024,2.0,-10.0,2.1849544208569216,1.7995804995929987,-0.3853739212639229,-17.637618322160804
RandomForest,T+2_R-10,Compound,Most_Negative,Niger,2024,2.0,-10.0,2.7895873544973533,2.4894226202501195,-0.3001647342472338,-10.76018407393876
RandomForest,T+2_R-10,Compound,Most_Negative,Nasarawa,2024,2.0,-10.0,2.855585733525734,2.6072045250120253,-0.2483812085137087,-8.698082694475346
RandomForest,T+2_R-10,Compound,Most_Negative,Edo,2024,2.0,-10.0,2.0688820586820573,1.9015984890109885,-0.167283569671069,-8.085698697471132
RandomForest,T+2_R-10,Compound,Most_Positive,Gombe,2024,2.0,-10.0,2.5915788844488827,2.7459540407740413,0.1543751563251585,5.956799434179194
RandomForest,T+2_R-10,Compound,Most_Positive,Lagos,2024,2.0,-10.0,1.6620472915972913,1.862673713878712,0.2006264222814204,12.07104173844601
RandomForest,T+2_R-10,Compound,Most_Positive,Adamawa,2024,2.0,-10.0,2.5210381298331286,2.752315127465128,0.231276997631999,9.173879398932678
RandomForest,T+2_R-10,Compound,Most_Positive,FCT,2024,2.0,-10.0,2.5084377397602404,2.7515679785954794,0.243130238835239,9.69249644834628
RandomForest,T+2_R-10,Compound,Most_Positive,Kwara,2024,2.0,-10.0,2.33390232850483,2.678013792688793,0.3441114641839631,14.74403877065462
RandomForest,T+2_R-20,Compound,Most_Negative,Ekiti,2024,2.0,-20.0,2.1849544208569216,1.7988179599104597,-0.3861364609464619,-17.67251789147264
RandomForest,T+2_R-20,Compound,Most_Negative,Ondo,2024,2.0,-20.0,2.1849544208569216,1.7988179599104597,-0.3861364609464619,-17.67251789147264
RandomForest,T+2_R-20,Compound,Most_Negative,Niger,2024,2.0,-20.0,2.7895873544973533,2.486609286916786,-0.3029780675805673,-10.861035310190529
RandomForest,T+2_R-20,Compound,Most_Negative,Nasarawa,2024,2.0,-20.0,2.855585733525734,2.587856151996152,-0.2677295815295819,-9.375645016933936
RandomForest,T+2_R-20,Compound,Most_Negative,Ogun,2024,2.0,-20.0,2.039880582935582,1.8634957905982892,-0.1763847923372927,-8.646819515457041
RandomForest,T+2_R-20,Compound,Most_Positive,Gombe,2024,2.0,-20.0,2.5915788844488827,2.7609516333666337,0.169372748917751,6.535504280193629
RandomForest,T+2_R-20,Compound,Most_Positive,Lagos,2024,2.0,-20.0,1.6620472915972913,1.8624552218152204,0.2004079302179291,12.05789577896604
RandomForest,T+2_R-20,Compound,Most_Positive,Adamawa,2024,2.0,-20.0,2.5210381298331286,2.750784095719096,0.229745965885967,9.11314918910704
RandomForest,T+2_R-20,Compound,Most_Positive,FCT,2024,2.0,-20.0,2.5084377397602404,2.755042026214528,0.2466042864542874,9.830990920980888
RandomForest,T+2_R-20,Compound,Most_Positive,Kwara,2024,2.0,-20.0,2.33390232850483,2.675979652477153,0.3420773239723229,14.656882586490594
RandomForest,T+2_R-30,Compound,Most_Negative,Ekiti,2024,2.0,-30.0,2.1849544208569216,1.7988179599104597,-0.3861364609464619,-17.67251789147264
RandomForest,T+2_R-30,Compound,Most_Negative,Ondo,2024,2.0,-30.0,2.1849544208569216,1.7988179599104597,-0.3861364609464619,-17.67251789147264
RandomForest,T+2_R-30,Compound,Most_Negative,Niger,2024,2.0,-30.0,2.7895873544973533,2.483323731361231,-0.3062636231361222,-10.978814577803636
RandomForest,T+2_R-30,Compound,Most_Negative,Nasarawa,2024,2.0,-30.0,2.855585733525734,2.578116601731601,-0.2774691317941329,-9.716715157122858
RandomForest,T+2_R-30,Compound,Most_Negative,Kogi,2024,2.0,-30.0,2.7516167929292936,2.574584235209235,-0.1770325577200586,-6.433764984098486
RandomForest,T+2_R-30,Compound,Most_Positive,Gombe,2024,2.0,-30.0,2.5915788844488827,2.7618434058534063,0.1702645214045235,6.56991467349185
RandomForest,T+2_R-30,Compound,Most_Positive,Lagos,2024,2.0,-30.0,1.6620472915972913,1.86245522181522,0.2004079302179289,12.057895778966024
RandomForest,T+2_R-30,Compound,Most_Positive,FCT,2024,2.0,-30.0,2.5084377397602404,2.7329836135161143,0.2245458737558738,8.951622366251604
RandomForest,T+2_R-30,Compound,Most_Positive,Adamawa,2024,2.0,-30.0,2.5210381298331286,2.7471121909571905,0.2260740611240619,8.9674986843228
RandomForest,T+2_R-30,Compound,Most_Positive,Kwara,2024,2.0,-30.0,2.33390232850483,2.663740287397788,0.3298379588929578,14.132466250387704
RandomForest,T+2_R0,Heat,Most_Negative,Ekiti,2024,2.0,0.0,2.1849544208569216,1.85445516048766,-0.330499260369262,-15.126139804767316
RandomForest,T+2_R0,Heat,Most_Negative,Ondo,2024,2.0,0.0,2.1849544208569216,1.85445516048766,-0.330499260369262,-15.126139804767316
RandomForest,T+2_R0,Heat,Most_Negative,Niger,2024,2.0,0.0,2.7895873544973533,2.506576469456469,-0.2830108850408841,-10.145259820762234
RandomForest,T+2_R0,Heat,Most_Negative,Nasarawa,2024,2.0,0.0,2.855585733525734,2.602722501202501,-0.2528632323232331,-8.855039067975314
RandomForest,T+2_R0,Heat,Most_Negative,Kogi,2024,2.0,0.0,2.7516167929292936,2.586497092352093,-0.1651197005772005,-6.000824715182041
RandomForest,T+2_R0,Heat,Most_Positive,Gombe,2024,2.0,0.0,2.5915788844488827,2.7467859599659605,0.1552070755170778,5.988900297359987
RandomForest,T+2_R0,Heat,Most_Positive,Adamawa,2024,2.0,0.0,2.5210381298331286,2.7458942259592267,0.2248560961260981,8.919186642408368
RandomForest,T+2_R0,Heat,Most_Positive,FCT,2024,2.0,0.0,2.5084377397602404,2.7521344600769613,0.2436967203167208,9.71507948768199
RandomForest,T+2_R0,Heat,Most_Positive,Lagos,2024,2.0,0.0,1.6620472915972913,1.915828533503532,0.2537812419062408,15.269194997595244
RandomForest,T+2_R0,Heat,Most_Positive,Kwara,2024,2.0,0.0,2.33390232850483,2.6644112296037306,0.3305089010989004,14.161213906094977
Ridge,T+0_R-10,Drought,Most_Negative,Kebbi,2024,0.0,-10.0,2.632935313166963,2.586960087261946,-0.0459752259050167,-1.7461585810749218
Ridge,T+0_R-10,Drought,Most_Negative,Katsina,2024,0.0,-10.0,2.2080260154060616,2.184024602629984,-0.0240014127760774,-1.0870076986689652
Ridge,T+0_R-10,Drought,Most_Negative,Sokoto,2024,0.0,-10.0,2.2451522787394262,2.2277375210458983,-0.0174147576935279,-0.775660424392493
Ridge,T+0_R-10,Drought,Most_Negative,Adamawa,2024,0.0,-10.0,2.228160901514542,2.21287239169455,-0.0152885098199919,-0.6861492726849282
Ridge,T+0_R-10,Drought,Most_Negative,Yobe,2024,0.0,-10.0,2.159000713191354,2.145421499050814,-0.0135792141405399,-0.6289582980483452
Ridge,T+0_R-10,Drought,Most_Positive,Imo,2024,0.0,-10.0,2.0945526450593923,2.1037280872709823,0.0091754422115899,0.4380621434000658
Ridge,T+0_R-10,Drought,Most_Positive,Akwa Ibom,2024,0.0,-10.0,1.872649060175104,1.8819027146210725,0.0092536544459684,0.4941478167352515
Ridge,T+0_R-10,Drought,Most_Positive,Cross River,2024,0.0,-10.0,2.030445114502975,2.039698768948944,0.0092536544459687,0.4557451161753699
Ridge,T+0_R-10,Drought,Most_Positive,Rivers,2024,0.0,-10.0,2.26062565983569,2.27112011776878,0.0104944579330896,0.4642280285296083
Ridge,T+0_R-10,Drought,Most_Positive,Bayelsa,2024,0.0,-10.0,2.1283699370790585,2.140426983167895,0.0120570460888362,0.5664920312388544
Ridge,T+0_R-20,Drought,Most_Negative,Kebbi,2024,0.0,-20.0,2.632935313166963,2.540984861356929,-0.0919504518100335,-3.492317162149844
Ridge,T+0_R-20,Drought,Most_Negative,Katsina,2024,0.0,-20.0,2.2080260154060616,2.160023189853906,-0.0480028255521554,-2.1740153973379504
Ridge,T+0_R-20,Drought,Most_Negative,Sokoto,2024,0.0,-20.0,2.2451522787394262,2.2103227633523703,-0.0348295153870559,-1.551320848784986
Ridge,T+0_R-20,Drought,Most_Negative,Adamawa,2024,0.0,-20.0,2.228160901514542,2.1975838818745577,-0.0305770196399843,-1.3722985453698762
Ridge,T+0_R-20,Drought,Most_Negative,Yobe,2024,0.0,-20.0,2.159000713191354,2.131842284910273,-0.0271584282810808,-1.2579165960967316
Ridge,T+0_R-20,Drought,Most_Positive,Imo,2024,0.0,-20.0,2.0945526450593923,2.112903529482572,0.0183508844231794,0.8761242868001105
Ridge,T+0_R-20,Drought,Most_Positive,Akwa Ibom,2024,0.0,-20.0,1.872649060175104,1.891156369067041,0.0185073088919369,0.9882956334705032
Ridge,T+0_R-20,Drought,Most_Positive,Cross River,2024,0.0,-20.0,2.030445114502975,2.048952423394912,0.0185073088919369,0.911490232350718
Ridge,T+0_R-20,Drought,Most_Positive,Rivers,2024,0.0,-20.0,2.26062565983569,2.281614575701869,0.0209889158661793,0.9284560570592166
Ridge,T+0_R-20,Drought,Most_Positive,Bayelsa,2024,0.0,-20.0,2.1283699370790585,2.1524840292567307,0.0241140921776721,1.132984062477688
Ridge,T+0_R-30,Drought,Most_Negative,Kebbi,2024,0.0,-30.0,2.632935313166963,2.4950096354519125,-0.1379256777150503,-5.2384757432247655
Ridge,T+0_R-30,Drought,Most_Negative,Katsina,2024,0.0,-30.0,2.2080260154060616,2.1360217770778283,-0.0720042383282333,-3.2610230960069355
Ridge,T+0_R-30,Drought,Most_Negative,Sokoto,2024,0.0,-30.0,2.2451522787394262,2.1929080056588424,-0.0522442730805838,-2.326981273177479
Ridge,T+0_R-30,Drought,Most_Negative,Adamawa,2024,0.0,-30.0,2.228160901514542,2.1822953720545653,-0.0458655294599767,-2.0584478180548245
Ridge,T+0_R-30,Drought,Most_Negative,Yobe,2024,0.0,-30.0,2.159000713191354,2.118263070769733,-0.0407376424216208,-1.8868748941450768
Ridge,T+0_R-30,Drought,Most_Positive,Imo,2024,0.0,-30.0,2.0945526450593923,2.1220789716941617,0.0275263266347693,1.3141864302001762
Ridge,T+0_R-30,Drought,Most_Positive,Akwa Ibom,2024,0.0,-30.0,1.872649060175104,1.9004100235130097,0.0277609633379056,1.4824434502057666
Ridge,T+0_R-30,Drought,Most_Positive,Cross River,2024,0.0,-30.0,2.030445114502975,2.0582060778408806,0.0277609633379056,1.367235348526088
Ridge,T+0_R-30,Drought,Most_Positive,Rivers,2024,0.0,-30.0,2.26062565983569,2.29210903363496,0.0314833737992694,1.3926840855888445
Ridge,T+0_R-30,Drought,Most_Positive,Bayelsa,2024,0.0,-30.0,2.1283699370790585,2.164541075345567,0.0361711382665084,1.6994760937165427
Ridge,T+0_R0,Baseline,Most_Negative,Abia,2024,0.0,0.0,2.1076467263764957,2.1076467263764957,0.0,0.0
Ridge,T+0_R0,Baseline,Most_Negative,Adamawa,2024,0.0,0.0,2.228160901514542,2.228160901514542,0.0,0.0
Ridge,T+0_R0,Baseline,Most_Negative,Akwa Ibom,2024,0.0,0.0,1.872649060175104,1.872649060175104,0.0,0.0
Ridge,T+0_R0,Baseline,Most_Negative,Anambra,2024,0.0,0.0,1.995924798496167,1.995924798496167,0.0,0.0
Ridge,T+0_R0,Baseline,Most_Negative,Bauchi,2024,0.0,0.0,2.191140856715601,2.191140856715601,0.0,0.0
Ridge,T+0_R0,Baseline,Most_Positive,Rivers,2024,0.0,0.0,2.26062565983569,2.26062565983569,0.0,0.0
Ridge,T+0_R0,Baseline,Most_Positive,Sokoto,2024,0.0,0.0,2.2451522787394262,2.2451522787394262,0.0,0.0
Ridge,T+0_R0,Baseline,Most_Positive,Taraba,2024,0.0,0.0,2.420993047866713,2.420993047866713,0.0,0.0
Ridge,T+0_R0,Baseline,Most_Positive,Yobe,2024,0.0,0.0,2.159000713191354,2.159000713191354,0.0,0.0
Ridge,T+0_R0,Baseline,Most_Positive,Zamfara,2024,0.0,0.0,2.1907240365142804,2.1907240365142804,0.0,0.0
Ridge,T+1_R-10,Compound,Most_Negative,Kebbi,2024,1.0,-10.0,2.632935313166963,2.6401979871727117,0.0072626740057484,0.2758394393295099
Ridge,T+1_R-10,Compound,Most_Negative,Oyo,2024,1.0,-10.0,2.1484217076763903,2.1674046750469,0.0189829673705097,0.8835773397132837
Ridge,T+1_R-10,Compound,Most_Negative,Lagos,2024,1.0,-10.0,1.6751356367769583,1.6948750701802997,0.0197394334033411,1.17837821427528
Ridge,T+1_R-10,Compound,Most_Negative,Ekiti,2024,1.0,-10.0,2.0437113506512485,2.06408267626918,0.0203713256179316,0.9967809598669658
Ridge,T+1_R-10,Compound,Most_Negative,Ondo,2024,1.0,-10.0,2.0437113506512485,2.06408267626918,0.0203713256179316,0.9967809598669658
Ridge,T+1_R-10,Compound,Most_Positive,Gombe,2024,1.0,-10.0,2.2229100314658363,2.26779746530266,0.0448874338368239,2.019309517768659
Ridge,T+1_R-10,Compound,Most_Positive,Jigawa,2024,1.0,-10.0,2.1819739435208767,2.22696884545384,0.0449949019329634,2.0621191223007336
Ridge,T+1_R-10,Compound,Most_Positive,Zamfara,2024,1.0,-10.0,2.1907240365142804,2.236828306876512,0.0461042703622318,2.104522048134807
Ridge,T+1_R-10,Compound,Most_Positive,Bauchi,2024,1.0,-10.0,2.191140856715601,2.237935216076657,0.0467943593610558,2.1356162118759427
Ridge,T+1_R-10,Compound,Most_Positive,Kaduna,2024,1.0,-10.0,2.363204426464491,2.4185773956531587,0.0553729691886677,2.343130732515991
Ridge,T+1_R-20,Compound,Most_Negative,Kebbi,2024,1.0,-20.0,2.632935313166963,2.5942227612676945,-0.0387125518992683,-1.470319141745412
Ridge,T+1_R-20,Compound,Most_Negative,Katsina,2024,1.0,-20.0,2.2080260154060616,2.2132610897646723,0.0052350743586107,0.2370929654851897
Ridge,T+1_R-20,Compound,Most_Negative,Oyo,2024,1.0,-20.0,2.1484217076763903,2.165580418309646,0.0171587106332555,0.7986658565190843
Ridge,T+1_R-20,Compound,Most_Negative,Sokoto,2024,1.0,-20.0,2.2451522787394262,2.2635606632631355,0.0184083845237092,0.8199169694647598
Ridge,T+1_R-20,Compound,Most_Negative,Lagos,2024,1.0,-20.0,1.6751356367769583,1.693807279475876,0.0186716426989177,1.1146346772756195
Ridge,T+1_R-20,Compound,Most_Positive,Nasarawa,2024,1.0,-20.0,2.211695408595071,2.255330914643028,0.0436355060479565,1.9729437371159069
Ridge,T+1_R-20,Compound,Most_Positive,FCT,2024,1.0,-20.0,2.242027472634796,2.28595467897668,0.0439272063418836,1.959262626263052
Ridge,T+1_R-20,Compound,Most_Positive,Benue,2024,1.0,-20.0,2.19856824250258,2.2432143616803004,0.0446461191777203,2.0306906246813
Ridge,T+1_R-20,Compound,Most_Positive,Bayelsa,2024,1.0,-20.0,2.1283699370790585,2.173291253364495,0.0449213162854365,2.110597199426985
Ridge,T+1_R-20,Compound,Most_Positive,Kaduna,2024,1.0,-20.0,2.363204426464491,2.420712464931061,0.0575080384665702,2.4334770967150763
Ridge,T+1_R-30,Compound,Most_Negative,Kebbi,2024,1.0,-30.0,2.632935313166963,2.5482475353626777,-0.0846877778042851,-3.2164777228203345
Ridge,T+1_R-30,Compound,Most_Negative,Katsina,2024,1.0,-30.0,2.2080260154060616,2.1892596769885944,-0.0187663384174672,-0.8499147331837955
Ridge,T+1_R-30,Compound,Most_Negative,Sokoto,2024,1.0,-30.0,2.2451522787394262,2.246145905569608,0.0009936268301813,0.0442565450722667
Ridge,T+1_R-30,Compound,Most_Negative,Adamawa,2024,1.0,-30.0,2.228160901514542,2.2355332719653305,0.0073723704507884,0.330872444883905
Ridge,T+1_R-30,Compound,Most_Negative,Yobe,2024,1.0,-30.0,2.159000713191354,2.1715009706804977,0.0125002574891439,0.5789834812359349
Ridge,T+1_R-30,Compound,Most_Positive,Akwa Ibom,2024,1.0,-30.0,1.872649060175104,1.9212172476207736,0.0485681874456696,2.593555219637799
Ridge,T+1_R-30,Compound,Most_Positive,Cross River,2024,1.0,-30.0,2.030445114502975,2.079013301948645,0.04856818744567,2.391997060090879
Ridge,T+1_R-30,Compound,Most_Positive,Rivers,2024,1.0,-30.0,2.26062565983569,2.312916257742724,0.0522905979070333,2.3131029093438693
Ridge,T+1_R-30,Compound,Most_Positive,Bayelsa,2024,1.0,-30.0,2.1283699370790585,2.185348299453331,0.0569783623742723,2.677089230665819
Ridge,T+1_R-30,Compound,Most_Positive,Kaduna,2024,1.0,-30.0,2.363204426464491,2.4228475342089637,0.0596431077444723,2.5238234609141434
Ridge,T+1_R0,Heat,Most_Negative,Abia,2024,1.0,0.0,2.1076467263764957,2.1284539504842592,0.0208072241077639,0.9872254134133798
Ridge,T+1_R0,Heat,Most_Negative,Akwa Ibom,2024,1.0,0.0,1.872649060175104,1.893456284282868,0.0208072241077639,1.1111117694320325
Ridge,T+1_R0,Heat,Most_Negative,Anambra,2024,1.0,0.0,1.995924798496167,2.016732022603931,0.0208072241077639,1.0424853743708762
Ridge,T+1_R0,Heat,Most_Negative,Edo,2024,1.0,0.0,2.111047715517973,2.131854939625737,0.0208072241077639,0.9856349505893852
Ridge,T+1_R0,Heat,Most_Negative,Ekiti,2024,1.0,0.0,2.0437113506512485,2.0645185747590125,0.0208072241077639,1.0181097296902273
Ridge,T+1_R0,Heat,Most_Positive,Zamfara,2024,1.0,0.0,2.1907240365142804,2.2439619364250456,0.0532378999107652,2.4301509009538904
Ridge,T+1_R0,Heat,Most_Positive,Kano,2024,1.0,0.0,2.225563194098675,2.2788010940094408,0.0532378999107656,2.392109109816868
Ridge,T+1_R0,Heat,Most_Positive,Kaduna,2024,1.0,0.0,2.363204426464491,2.416442326375257,0.0532378999107656,2.252784368316924
Ridge,T+1_R0,Heat,Most_Positive,Adamawa,2024,1.0,0.0,2.228160901514542,2.281398801425308,0.0532378999107656,2.389320262938749
Ridge,T+1_R0,Heat,Most_Positive,Katsina,2024,1.0,0.0,2.2080260154060616,2.261263915316828,0.0532378999107661,2.41110836282314
Ridge,T+2_R-10,Compound,Most_Negative,Oyo,2024,2.0,-10.0,2.1484217076763903,2.1882118991546644,0.0397901914782741,1.852066162620788
Ridge,T+2_R-10,Compound,Most_Negative,Lagos,2024,2.0,-10.0,1.6751356367769583,1.7156822942880634,0.040546657511105,2.420499965550181
Ridge,T+2_R-10,Compound,Most_Negative,Ekiti,2024,2.0,-10.0,2.0437113506512485,2.0848899003769445,0.041178549725696,2.0148906895572147
Ridge,T+2_R-10,Compound,Most_Negative,Ondo,2024,2.0,-10.0,2.0437113506512485,2.0848899003769445,0.041178549725696,2.0148906895572147
Ridge,T+2_R-10,Compound,Most_Negative,Ogun,2024,2.0,-10.0,2.0336178540548344,2.075595077333274,0.0419772232784394,2.064164768948157
Ridge,T+2_R-10,Compound,Most_Positive,Gombe,2024,2.0,-10.0,2.2229100314658363,2.321035365213426,0.0981253337475895,4.414273738415025
Ridge,T+2_R-10,Compound,Most_Positive,Jigawa,2024,2.0,-10.0,2.1819739435208767,2.2802067453646053,0.0982328018437286,4.5020153487817645
Ridge,T+2_R-10,Compound,Most_Positive,Zamfara,2024,2.0,-10.0,2.1907240365142804,2.290066206787277,0.099342170272997,4.534672949088698
Ridge,T+2_R-10,Compound,Most_Positive,Bauchi,2024,2.0,-10.0,2.191140856715601,2.291173115987423,0.1000322592718214,4.565304825804958
Ridge,T+2_R-10,Compound,Most_Positive,Kaduna,2024,2.0,-10.0,2.363204426464491,2.471815295563924,0.1086108690994329,4.595915100832896
Ridge,T+2_R-20,Compound,Most_Negative,Kebbi,2024,2.0,-20.0,2.632935313166963,2.64746066117846,0.0145253480114972,0.5516788786590366
Ridge,T+2_R-20,Compound,Most_Negative,Oyo,2024,2.0,-20.0,2.1484217076763903,2.18638764241741,0.0379659347410195,1.7671546794265671
Ridge,T+2_R-20,Compound,Most_Negative,Lagos,2024,2.0,-20.0,1.6751356367769583,1.7146145035836402,0.0394788668066818,2.356756428550534
Ridge,T+2_R-20,Compound,Most_Negative,Ekiti,2024,2.0,-20.0,2.0437113506512485,2.0844540018871123,0.0407426512358637,1.9935619197339527
Ridge,T+2_R-20,Compound,Most_Negative,Ondo,2024,2.0,-20.0,2.0437113506512485,2.0844540018871123,0.0407426512358637,1.9935619197339527
Ridge,T+2_R-20,Compound,Most_Positive,Gombe,2024,2.0,-20.0,2.2229100314658363,2.312684899139484,0.0897748676736478,4.038619035537318
Ridge,T+2_R-20,Compound,Most_Positive,Jigawa,2024,2.0,-20.0,2.1819739435208767,2.2719637473868035,0.0899898038659268,4.124238244601467
Ridge,T+2_R-20,Compound,Most_Positive,Zamfara,2024,2.0,-20.0,2.1907240365142804,2.282932577238744,0.0922085407244637,4.209044096269614
Ridge,T+2_R-20,Compound,Most_Positive,Bauchi,2024,2.0,-20.0,2.191140856715601,2.284729575437713,0.093588718722112,4.271232423751906
Ridge,T+2_R-20,Compound,Most_Positive,Kaduna,2024,2.0,-20.0,2.363204426464491,2.4739503648418264,0.1107459383773354,4.686261465031982
Ridge,T+2_R-30,Compound,Most_Negative,Kebbi,2024,2.0,-30.0,2.632935313166963,2.601485435273444,-0.0314498778935194,-1.1944797024158853
Ridge,T+2_R-30,Compound,Most_Negative,Katsina,2024,2.0,-30.0,2.2080260154060616,2.24249757689936,0.034471561493298,1.5611936296393043
Ridge,T+2_R-30,Compound,Most_Negative,Oyo,2024,2.0,-30.0,2.1484217076763903,2.184563385680156,0.0361416780037653,1.682243196232368
Ridge,T+2_R-30,Compound,Most_Negative,Lagos,2024,2.0,-30.0,1.6751356367769583,1.713546712879217,0.0384110761022586,2.293012891550887
Ridge,T+2_R-30,Compound,Most_Negative,Ekiti,2024,2.0,-30.0,2.0437113506512485,2.08401810339728,0.0403067527460314,1.972233149910692
Ridge,T+2_R-30,Compound,Most_Positive,Nasarawa,2024,2.0,-30.0,2.211695408595071,2.298421901830685,0.0867264932356146,3.921267499067861
Ridge,T+2_R-30,Compound,Most_Positive,Bauchi,2024,2.0,-30.0,2.191140856715601,2.278286034888004,0.0871451781724026,3.977160021698853
Ridge,T+2_R-30,Compound,Most_Positive,FCT,2024,2.0,-30.0,2.242027472634796,2.329191516311301,0.0871640436765051,3.887733078224562
Ridge,T+2_R-30,Compound,Most_Positive,Benue,2024,2.0,-30.0,2.19856824250258,2.28681065543284,0.0882424129302599,4.013630835939647
Ridge,T+2_R-30,Compound,Most_Positive,Kaduna,2024,2.0,-30.0,2.363204426464491,2.4760854341197285,0.1128810076552375,4.7766078292310485
Ridge,T+2_R0,Heat,Most_Negative,Anambra,2024,2.0,0.0,1.995924798496167,2.0375392467116957,0.0416144482155282,2.0849707487417746
Ridge,T+2_R0,Heat,Most_Negative,Akwa Ibom,2024,2.0,0.0,1.872649060175104,1.9142635083906323,0.0416144482155282,2.2222235388640885
Ridge,T+2_R0,Heat,Most_Negative,Bayelsa,2024,2.0,0.0,2.1283699370790585,2.169984385294587,0.0416144482155282,1.9552262738985733
Ridge,T+2_R0,Heat,Most_Negative,Ekiti,2024,2.0,0.0,2.0437113506512485,2.085325798866777,0.0416144482155282,2.0362194593804768
Ridge,T+2_R0,Heat,Most_Negative,Edo,2024,2.0,0.0,2.111047715517973,2.1526621637335013,0.0416144482155282,1.971269901178792
Ridge,T+2_R0,Heat,Most_Positive,Adamawa,2024,2.0,0.0,2.228160901514542,2.334636701336073,0.1064757998215308,4.778640525877479
Ridge,T+2_R0,Heat,Most_Positive,Kebbi,2024,2.0,0.0,2.632935313166963,2.7394111129884937,0.1064757998215308,4.043996040808881
Ridge,T+2_R0,Heat,Most_Positive,Kaduna,2024,2.0,0.0,2.363204426464491,2.469680226286022,0.1064757998215308,4.505568736633829
Ridge,T+2_R0,Heat,Most_Positive,Gombe,2024,2.0,0.0,2.2229100314658363,2.329385831287367,0.1064757998215308,4.789928441292712
Ridge,T+2_R0,Heat,Most_Positive,Katsina,2024,2.0,0.0,2.2080260154060616,2.314501815227593,0.1064757998215313,4.82221672564624
